id,title,content,URL
1,WHO buwọ́lu abẹ́rẹ́ àjẹsára Monkeypox fún lílò àgbáyé,Igbesẹ yii waye lati jẹ kí abẹrẹ naa tete de sibi ti wọn ti nilo rẹ lati gbe ogun ti itankalẹ aarun Mpox.,https://www.bbc.com/yoruba/articles/cq8x27gnkqpo
2,WHO buwọ́lu abẹ́rẹ́ àjẹsára Monkeypox fún lílò àgbáyé,"Bavarian Nordic A/S lo pelo abẹrẹ naa, ti ajọ Europe Medicine Agency si se ayẹwo rẹ.",https://www.bbc.com/yoruba/articles/cq8x27gnkqpo
3,WHO buwọ́lu abẹ́rẹ́ àjẹsára Monkeypox fún lílò àgbáyé,"Tẹlẹ, ko si abẹrẹ ajẹsara fun aarun Mpox, eyi to fa ti wọn n fi lo abẹrẹ ajẹsara small pox lati koju rẹ nitori aarun mejeeji jọ ara wọn.",https://www.bbc.com/yoruba/articles/cq8x27gnkqpo
4,WHO buwọ́lu abẹ́rẹ́ àjẹsára Monkeypox fún lílò àgbáyé,"Ọga agba fun WHO, Dokita Tedros Adhanom Ghebreyesus gba niyanju pe ki wọn yara lati gbe abẹrẹ ajẹsara naa lọ ilẹ Afrika ati awọn agbegbe mii ti aarun naa ti n ja.",https://www.bbc.com/yoruba/articles/cq8x27gnkqpo
5,WHO buwọ́lu abẹ́rẹ́ àjẹsára Monkeypox fún lílò àgbáyé,"Dokita Yukiko Nakatani salaye pe bibuwọlu abẹrẹ ajẹsara yii yoo ran ijọba ati awọn ajọ bi Gavi ati Unicef lọwọ lati gba abẹrẹ naa, ti wọn yoo si pese rẹ fun awọn to nilo rẹ.",https://www.bbc.com/yoruba/articles/cq8x27gnkqpo
6,WHO buwọ́lu abẹ́rẹ́ àjẹsára Monkeypox fún lílò àgbáyé,Abẹrẹ naa ko wa fun awọn ọmọde tí wọn ko ti pe ọdun mejidinlogun.,https://www.bbc.com/yoruba/articles/cq8x27gnkqpo
7,WHO buwọ́lu abẹ́rẹ́ àjẹsára Monkeypox fún lílò àgbáyé,"WHO gba lamọran pe ki awọn eeyan gba abẹrẹ kan, eyi ti o ṣíṣẹ ni ida 76%, ti abẹrẹ ajẹsara meji sì n sisẹ ni ida 82%.",https://www.bbc.com/yoruba/articles/cq8x27gnkqpo
8,WHO buwọ́lu abẹ́rẹ́ àjẹsára Monkeypox fún lílò àgbáyé,"Itankalẹ aarun yii lo bẹrẹ ni orilẹede Democratic Republic of Congo ati awọn agbegbe to yi ka, ti WHO si kede ilu o fararọ lori aarun naa ni oṣu to kọja.",https://www.bbc.com/yoruba/articles/cq8x27gnkqpo
9,WHO buwọ́lu abẹ́rẹ́ àjẹsára Monkeypox fún lílò àgbáyé,"Lati ọdun 2022, o le ni eeyan 103,000 to ti lugbadi aarun naa ni orilẹede 120.",https://www.bbc.com/yoruba/articles/cq8x27gnkqpo
10,WHO buwọ́lu abẹ́rẹ́ àjẹsára Monkeypox fún lílò àgbáyé,O le eeyan 700 to ti padanu ẹmi wọn ni ilẹ Afrika.,https://www.bbc.com/yoruba/articles/cq8x27gnkqpo
11,"Orílẹ́èdè Nàìjíríà gba ìrànwọ́ abẹ́rẹ́ àjẹsára 10,000 fún ìtójú àrùn mpox",Orilẹede Amẹrika ti fun Naijiria ni ẹgbẹrun mẹwaa abẹrẹ Jynneos fun itọju arun mpox.,https://www.bbc.com/yoruba/articles/c07ex973r2jo
12,"Orílẹ́èdè Nàìjíríà gba ìrànwọ́ abẹ́rẹ́ àjẹsára 10,000 fún ìtójú àrùn mpox",Ni ọjọ Iṣẹgun ọjọ kẹtadinlọgbọn oṣu Kẹjọ yii ni Amẹrika fi abẹrẹ naa ṣe iranwọ fun Naijiria lati le gbogun ti arun naa.,https://www.bbc.com/yoruba/articles/c07ex973r2jo
13,"Orílẹ́èdè Nàìjíríà gba ìrànwọ́ abẹ́rẹ́ àjẹsára 10,000 fún ìtójú àrùn mpox",Abẹrẹ ọhun eyi ti ajọ to n ṣakoso oogun lilo ati ounjẹ l’Amẹrika fontẹ lu ni o wa fun idena arun igbonna ati mpox fun awọn agbalagba ti ọjọ ori wọn ti to ọdun mejidinlogun lọ soke.,https://www.bbc.com/yoruba/articles/c07ex973r2jo
14,"Orílẹ́èdè Nàìjíríà gba ìrànwọ́ abẹ́rẹ́ àjẹsára 10,000 fún ìtójú àrùn mpox","Nigba ti o tẹwọ gba abẹrẹ naa niluu Abuja lọjọ Iṣẹgun, Minisita eto ilera, Ọjọgbọn Muhammad Pate, gboṣuba fun ijọba orilẹede Amẹrika fun itọrẹ aanu ti wọn ṣe.",https://www.bbc.com/yoruba/articles/c07ex973r2jo
15,"Orílẹ́èdè Nàìjíríà gba ìrànwọ́ abẹ́rẹ́ àjẹsára 10,000 fún ìtójú àrùn mpox","Ọjọgbọn Pate ti akọwe agba ileeṣẹ ijọba eto ilera, Ọgbẹni Daju Kachollom, ṣoju nibi eto naa sọ pe ijọba apapọ ko ni kaarẹ lori ati jẹ ki eto ilera to peye wa fun araalu.",https://www.bbc.com/yoruba/articles/c07ex973r2jo
16,"Orílẹ́èdè Nàìjíríà gba ìrànwọ́ abẹ́rẹ́ àjẹsára 10,000 fún ìtójú àrùn mpox",Minisita eto ilera fikun ọrọ rẹ pe gbogbo eto ti ijọba to wa lode n ṣe lo da lori ọna ati pese eto ilera to peye fawọn ọmọ Naijiria.,https://www.bbc.com/yoruba/articles/c07ex973r2jo
17,"Orílẹ́èdè Nàìjíríà gba ìrànwọ́ abẹ́rẹ́ àjẹsára 10,000 fún ìtójú àrùn mpox","Ọjọgbọn Pate ko ṣai ki awọn alabaṣiṣẹpọ bi awọn ajọ USAID, WHO, UNICEF, PEPFAR atawọn ajọ mii fun atilẹyin wọn ni gbogbo igba.",https://www.bbc.com/yoruba/articles/c07ex973r2jo
18,"Orílẹ́èdè Nàìjíríà gba ìrànwọ́ abẹ́rẹ́ àjẹsára 10,000 fún ìtójú àrùn mpox",Arun mpox lo ti tan kalẹ papaa julọ lawọn igberiko laarin gbungbun Afirika ati ẹkun Guusu Afirika bakan naa.,https://www.bbc.com/yoruba/articles/c07ex973r2jo
19,"Orílẹ́èdè Nàìjíríà gba ìrànwọ́ abẹ́rẹ́ àjẹsára 10,000 fún ìtójú àrùn mpox",Ajọ NCDC to n gbogun ti ajakalẹ arun ni Najiria ti kede pe o ti to ogoji eeyan to ti lugbadi arun naa ni Naijiria bayii.,https://www.bbc.com/yoruba/articles/c07ex973r2jo
20,Kí ló fàá tí Mpox ń tàn káàkiri ìlà-oòrùn àti àárín gbùngbùn Áfríkà?,"Awọn agbegbe kan ti wa lara awọn ibi ti wọn ṣapejuwe gẹgẹ bii awọn ibi to lewu pupọ, ti wọn si gbe igbesẹ lati pese aabo fun awọn eeyan to wa ni agbegbe naa.",https://www.bbc.com/yoruba/articles/cvgeez9d5w0o
21,Kí ló fàá tí Mpox ń tàn káàkiri ìlà-oòrùn àti àárín gbùngbùn Áfríkà?,"Orilẹede Uganda ti fidi iṣẹlẹ aarun meji to jẹ ti Mpox mulẹ, to si darapọ mọ Kenya, Rwanda, ati Burundi to jẹ orilẹede ti aarun  yii ti n ja ni Ila-oorun Afirika.",https://www.bbc.com/yoruba/articles/cvgeez9d5w0o
22,Kí ló fàá tí Mpox ń tàn káàkiri ìlà-oòrùn àti àárín gbùngbùn Áfríkà?,"Gẹgẹ bi Afrika CDC ṣe ṣalaye, iye iṣẹlẹ aarun Mpox ti lekun si, ti ọpọ eeyan si ti padanu ẹmi wọn ju ti ọdun to kọja.",https://www.bbc.com/yoruba/articles/cvgeez9d5w0o
23,Kí ló fàá tí Mpox ń tàn káàkiri ìlà-oòrùn àti àárín gbùngbùn Áfríkà?,Ajọ Afirika CDC ti fọwọsi owo to to $10.4m lati inu owo Covid ti wọn ya sọtọ lati ṣe atilẹyin fun CDC Afirika lati fi koju aarun Mpox kaakiri ilẹ adulawọ.,https://www.bbc.com/yoruba/articles/cvgeez9d5w0o
24,Kí ló fàá tí Mpox ń tàn káàkiri ìlà-oòrùn àti àárín gbùngbùn Áfríkà?,"Ni ọdun yii nikan, o le ni eeyan 8,000 to ti lugbadi aarun naa, ti eeyan 300 si padanu ẹmi wọn.",https://www.bbc.com/yoruba/articles/cvgeez9d5w0o
25,Kí ló fàá tí Mpox ń tàn káàkiri ìlà-oòrùn àti àárín gbùngbùn Áfríkà?,"Dokita Fiona Braka, Oluṣakoso idahun Pajawiri ti ajo ilera agbaye ni Congo Brazzaville, sọ pe “orilẹede mọkanla ni iroyin ti gbe sita pe wọn ti lugbadi aarun naa  lati ibẹrẹ ọdun 2024.” “A n ri itankalẹ nla lọwọ yii ni DRC ti o jẹ ida 96% ninu gbogbo awọn aarun ti a ti rii.” Meji ninu awọn aarun naa to jẹ eyi to ni agbara ni wọn sẹsẹ ri laipẹ yii ni Rwanda ati CAR, lẹyin ọjọ diẹ ti Burundi tun kede nipa awọn aarun ọhun.",https://www.bbc.com/yoruba/articles/cvgeez9d5w0o
26,Kí ló fàá tí Mpox ń tàn káàkiri ìlà-oòrùn àti àárín gbùngbùn Áfríkà?,"Laipẹ yii naa, Kenya kede pe aarun naa ti de si ọdọ oun.",https://www.bbc.com/yoruba/articles/cvgeez9d5w0o
27,Kí ló fàá tí Mpox ń tàn káàkiri ìlà-oòrùn àti àárín gbùngbùn Áfríkà?,"South Africa naa kede pe aarun naa ti de si ọdọ oun, ti eyan mẹta si ti padanu ẹmi wọn.",https://www.bbc.com/yoruba/articles/cvgeez9d5w0o
28,Kí ló fàá tí Mpox ń tàn káàkiri ìlà-oòrùn àti àárín gbùngbùn Áfríkà?,Awọn onimọ nipa ilera sọ pe aarun na wọnpọ laarin awọn eeyan to n sisẹ ibalopọ.,https://www.bbc.com/yoruba/articles/cvgeez9d5w0o
29,Kí ló fàá tí Mpox ń tàn káàkiri ìlà-oòrùn àti àárín gbùngbùn Áfríkà?,"Mpox, ti a mọ si igboona lo jẹ aarun to ni agbara lati fa ọpọ ewu si aago ara ọmọ eeyan.",https://www.bbc.com/yoruba/articles/cvgeez9d5w0o
30,Kí ló fàá tí Mpox ń tàn káàkiri ìlà-oòrùn àti àárín gbùngbùn Áfríkà?,"Aarun maa n mu awọn aisan bii iba, ori fifo, ara riro dani.",https://www.bbc.com/yoruba/articles/cvgeez9d5w0o
31,Kí ló fàá tí Mpox ń tàn káàkiri ìlà-oòrùn àti àárín gbùngbùn Áfríkà?,Eeyan ko le ko aisan naa nipasẹ fifi ara kan ẹni to ni aisan naa lara gẹgẹ bi awọn amoye se ṣalaye.,https://www.bbc.com/yoruba/articles/cvgeez9d5w0o
32,Kí ló fàá tí Mpox ń tàn káàkiri ìlà-oòrùn àti àárín gbùngbùn Áfríkà?,"Leandre Murhula Masirika, oluṣakoso iwadii MPox ni DRC, sọ pe ṣiṣe ayẹwo ni ẹnu ibode  jẹ ọkan ninu ọna lati to koju aarun naa.",https://www.bbc.com/yoruba/articles/cvgeez9d5w0o
33,Kí ló fàá tí Mpox ń tàn káàkiri ìlà-oòrùn àti àárín gbùngbùn Áfríkà?,Alakoso iwadii sọ pe ilanilọyẹ nipa aarun naa ati pipese idanilẹkọ le dena itankalẹ rẹ.,https://www.bbc.com/yoruba/articles/cvgeez9d5w0o
34,Kí ló fàá tí Mpox ń tàn káàkiri ìlà-oòrùn àti àárín gbùngbùn Áfríkà?,Awọn alaboyun ati ọmọde ti aarun yii n koju si julọ.,https://www.bbc.com/yoruba/articles/cvgeez9d5w0o
35,Kí ló fàá tí Mpox ń tàn káàkiri ìlà-oòrùn àti àárín gbùngbùn Áfríkà?,"Ni DRC, ọpọlọpọ awọn ọmọde, pẹlu awọn ọmọ tuntun, ni wọn ti ko aarun naa, ti awọn alaboyun kan si ti padanu ẹmi wọn.",https://www.bbc.com/yoruba/articles/cvgeez9d5w0o
36,WHO wẹ Nàìjíríà yán kàn-kàn lára àwọn orílẹ̀èdè tí kò lẹ́tọ̀ọ́ sí abẹ́rẹ́ àjẹsára Covid-19,Naijaria ati awọn orileede mẹjọ miran ni iroyin kọkọ gba ori ayelujara kan pe igbimọ COVAX ti ajọ ilera agbaye WHO gbe kalẹ sọ pe ko ni lanfaani lati ri abẹrẹ ajẹsara Covid-19 gba.,https://www.bbc.com/yoruba/55964284
37,WHO wẹ Nàìjíríà yán kàn-kàn lára àwọn orílẹ̀èdè tí kò lẹ́tọ̀ọ́ sí abẹ́rẹ́ àjẹsára Covid-19,Idi ti a gbọ ko ju pe wọn ko ni ipese awọn aaye irinsẹ ti yoo mu ki awọn abẹrẹ ajẹsara yi maa tutu ṣaaju igba ti wọn yoo fi lo wọn.,https://www.bbc.com/yoruba/55964284
38,WHO wẹ Nàìjíríà yán kàn-kàn lára àwọn orílẹ̀èdè tí kò lẹ́tọ̀ọ́ sí abẹ́rẹ́ àjẹsára Covid-19,Lati ọdun to kọja ni iroyin ti n jade peAbẹ́rẹ́ àjẹsára Covid-19 yóò dé sí Nàìjíríà nínú oṣù kíní ọdún 2021 Ajọ WHO ṣagbatẹru gbigbe igbimọ COVAX kalẹ lati pin ọgọọrọ biliọnu abẹrẹ ajẹsara ọhun kaakiri awọn orilẹede mejilelaadọrun to ku diẹ kaato fun ni ti ọrọ owona.,https://www.bbc.com/yoruba/55964284
39,WHO wẹ Nàìjíríà yán kàn-kàn lára àwọn orílẹ̀èdè tí kò lẹ́tọ̀ọ́ sí abẹ́rẹ́ àjẹsára Covid-19,O ni ajọ WHO ni ifarajin lati ran gbogbo orilẹede Afirika lọwọ ki wọn lee ri abẹrẹ naa gba.,https://www.bbc.com/yoruba/55964284
40,WHO wẹ Nàìjíríà yán kàn-kàn lára àwọn orílẹ̀èdè tí kò lẹ́tọ̀ọ́ sí abẹ́rẹ́ àjẹsára Covid-19,"Lasiko ti adari ajọ naa lẹkun Afrika,Dokita Matshidiso Moeti n ba awọn akọroyin sọrọ loju opo ayelujara ni iwe iroyin Naijiria Punch sọ pe o fi ọrọ yi lede.",https://www.bbc.com/yoruba/55964284
41,WHO wẹ Nàìjíríà yán kàn-kàn lára àwọn orílẹ̀èdè tí kò lẹ́tọ̀ọ́ sí abẹ́rẹ́ àjẹsára Covid-19,"Lotitọ, Dokita Moeti ni ninu awọn orileede mẹtala to kọwe ranṣẹ lati jẹ anfaani abẹrẹ yi, mẹrin pere lati ilẹ Afrika lo jaweolubori.",https://www.bbc.com/yoruba/55964284
42,WHO wẹ Nàìjíríà yán kàn-kàn lára àwọn orílẹ̀èdè tí kò lẹ́tọ̀ọ́ sí abẹ́rẹ́ àjẹsára Covid-19,"Ninu alaye to ṣe, Moeti ni awọn ko le foju silẹ ki abẹrẹ ajẹsara yi ṣofo.",https://www.bbc.com/yoruba/55964284
43,WHO wẹ Nàìjíríà yán kàn-kàn lára àwọn orílẹ̀èdè tí kò lẹ́tọ̀ọ́ sí abẹ́rẹ́ àjẹsára Covid-19,"O ni ""Nkan bi ẹgbẹrun lọna ookolelọọdunrun abẹrẹ ajẹsara Pfizer-BioNTech ni wọn ti ya sọtọ forileede Africa mẹrin - Cape Verde, Rwanda, South Africa ati Tunisia.'' ''Abẹrẹ yi ti gba ontẹ fun lilo pajawiri ṣugbọn awọn orileede yi gbọdọ le fi awọn abẹrẹ yi pamọ saaye amu nkan tutu to kaju osuwọn minus 70 degrees Celsius'' Saaju asiko yi ti ọrọ jẹyọ nipa aaye ti wọn yoo ko awọn abẹrẹ ajẹsara si, ijọba Naijiria ni aaye wa tawọn yoo ko wọn si.",https://www.bbc.com/yoruba/55964284
44,WHO wẹ Nàìjíríà yán kàn-kàn lára àwọn orílẹ̀èdè tí kò lẹ́tọ̀ọ́ sí abẹ́rẹ́ àjẹsára Covid-19,"Adari ajọ idagbasoke ilera alabọde Naijiria Dokita Faisal Shuaib gẹgẹ bi Punch ti se sọ, ni ko si ootọ ninu iroyin to gbode pe Naijria ko laaye ti yoo ko abẹrẹ Covid-19 si.",https://www.bbc.com/yoruba/55964284
45,WHO wẹ Nàìjíríà yán kàn-kàn lára àwọn orílẹ̀èdè tí kò lẹ́tọ̀ọ́ sí abẹ́rẹ́ àjẹsára Covid-19,Ohun tawọn eeyan ro ni pe o yẹ ki Naijiria wa lara awọn orileede i yoo lewaju lati le jẹ anfaani abẹrẹ ajẹsara yi.,https://www.bbc.com/yoruba/55964284
46,WHO wẹ Nàìjíríà yán kàn-kàn lára àwọn orílẹ̀èdè tí kò lẹ́tọ̀ọ́ sí abẹ́rẹ́ àjẹsára Covid-19,"Lara awọn orileede to wa nilẹ Afrika, Naijiria ni o ṣe ipo kẹfa lori akasọ awọn ti ọwọja aarun yi ti peleke.",https://www.bbc.com/yoruba/55964284
47,WHO wẹ Nàìjíríà yán kàn-kàn lára àwọn orílẹ̀èdè tí kò lẹ́tọ̀ọ́ sí abẹ́rẹ́ àjẹsára Covid-19,"Only South Africa, Morocco, Tunisia, Egypt and Ethiopia have higher infection rates than Nigeria.",https://www.bbc.com/yoruba/55964284
48,WHO wẹ Nàìjíríà yán kàn-kàn lára àwọn orílẹ̀èdè tí kò lẹ́tọ̀ọ́ sí abẹ́rẹ́ àjẹsára Covid-19,"But Morocco and Egypt have already independently obtained vaccines and begun distribution while South Africa, which has the highest burden of the disease in Africa, has already procured one million doses of the Oxford-AstraZeneca vaccine, produced in India but has yet to begin distribution.",https://www.bbc.com/yoruba/55964284
49,WHO wẹ Nàìjíríà yán kàn-kàn lára àwọn orílẹ̀èdè tí kò lẹ́tọ̀ọ́ sí abẹ́rẹ́ àjẹsára Covid-19,"Nigeria has, however, received no COVID-19 vaccine even as its rate of infection has continued to surge.",https://www.bbc.com/yoruba/55964284
50,WHO wẹ Nàìjíríà yán kàn-kàn lára àwọn orílẹ̀èdè tí kò lẹ́tọ̀ọ́ sí abẹ́rẹ́ àjẹsára Covid-19,"Unlike the other vaccines on the market, the BioNTech/Pfizer vaccine, which has the highest WHO rating, is expected to be stored at 70 degrees Celsius which Nigeria could not meet.",https://www.bbc.com/yoruba/55964284
51,AstraZeneca vaccine: Ìdí tí orílẹ̀èdè Denmark àti Norway ṣe wọ́gilé abẹ́rẹ́ àjẹsára Covid-19 tí Naijiria sì ń gbà rèé,Lara awọn orilẹ-ede naa ni Denmark ati Norway.,https://www.bbc.com/yoruba/56369880
52,AstraZeneca vaccine: Ìdí tí orílẹ̀èdè Denmark àti Norway ṣe wọ́gilé abẹ́rẹ́ àjẹsára Covid-19 tí Naijiria sì ń gbà rèé,"Abẹrẹ ọhun ti Oxford-AstraZeneca ṣe ni wọn ko wọle si Naijiria labẹ eto Covax, ninu eyii ti Aarẹ Muhammadu Buhari, igbakeji rẹ, Yemi Osibajo, atawọn gomina ipinlẹ kan pẹlu awọn oṣiṣẹ wọn ti gba.",https://www.bbc.com/yoruba/56369880
53,AstraZeneca vaccine: Ìdí tí orílẹ̀èdè Denmark àti Norway ṣe wọ́gilé abẹ́rẹ́ àjẹsára Covid-19 tí Naijiria sì ń gbà rèé,"Ṣaaju ni ileeṣẹ iroyin Reuters ti kọkọ jabọ pe ọkunrin kan dero ọrun lẹyin to gba abẹrẹ ọhun ni Sicily, ni Italy.",https://www.bbc.com/yoruba/56369880
54,AstraZeneca vaccine: Ìdí tí orílẹ̀èdè Denmark àti Norway ṣe wọ́gilé abẹ́rẹ́ àjẹsára Covid-19 tí Naijiria sì ń gbà rèé,Ṣugbọn oriṣiriṣi ajọ eleto ilera kaakiri agbaye lo ti n sọ pe abẹrẹ naa ko mu ewu kankan lọwọ.,https://www.bbc.com/yoruba/56369880
55,AstraZeneca vaccine: Ìdí tí orílẹ̀èdè Denmark àti Norway ṣe wọ́gilé abẹ́rẹ́ àjẹsára Covid-19 tí Naijiria sì ń gbà rèé,"Ẹwẹ, ijọba orilẹ-ede Thailand ti sun akoko ti wọn yoo bẹrẹ si n fun awọn eeyan ilẹ wọn labẹrẹ ọhun nitori awọn iroyin to n jade nipa rẹ.",https://www.bbc.com/yoruba/56369880
56,AstraZeneca vaccine: Ìdí tí orílẹ̀èdè Denmark àti Norway ṣe wọ́gilé abẹ́rẹ́ àjẹsára Covid-19 tí Naijiria sì ń gbà rèé,"Àwọn agbébọn tún ti jí àwọn akẹ́kọ̀ọ́ míì gbé ní iléèwé gíga kan ní Kaduna Bí àwọn adigunjalè ṣe jí 'N600,000  nínú ẹ̀rọ ATM WEMA l'Osun, t'àwọn ọlọ́pàá lé wọn wọ inú igbó' Nígbà tí èmi náà rí fídíò Kashy tí ẹnu rẹ̀ ń ṣẹ̀jẹ̀ ṣáájú ọjọ́ tó kú, mo bèrè àwọn ìbéèrè kan - Ẹ̀gbọ́n Barry Jhay Ṣé lóòtọ́ ni Alaafin Ọyọ ti fẹ́ olorì tuntun láti ẹ̀yà Igbo?",https://www.bbc.com/yoruba/56369880
57,AstraZeneca vaccine: Ìdí tí orílẹ̀èdè Denmark àti Norway ṣe wọ́gilé abẹ́rẹ́ àjẹsára Covid-19 tí Naijiria sì ń gbà rèé,"Ẹ wo ǹkan tí a mọ̀ nípa rẹ̀ Olori ijọba ilẹ naa lo yẹ ko kọkọ gba abẹrẹ ọhun loju gbogbo ara ilu lọjọ Ẹti, ṣugbọn o ti sun akoko gbigb rẹ siwaju.",https://www.bbc.com/yoruba/56369880
58,AstraZeneca vaccine: Ìdí tí orílẹ̀èdè Denmark àti Norway ṣe wọ́gilé abẹ́rẹ́ àjẹsára Covid-19 tí Naijiria sì ń gbà rèé,"Nnkan bii miliọnu marun eeyan nilẹ Yuroopu lo ti gba abẹrẹ naaa ti Oxford-AstraZeneca ṣe, ṣugbọn nnkan bii ọgbọn eeyan lo n pariwo ẹjẹ didi.",https://www.bbc.com/yoruba/56369880
59,AstraZeneca vaccine: Ìdí tí orílẹ̀èdè Denmark àti Norway ṣe wọ́gilé abẹ́rẹ́ àjẹsára Covid-19 tí Naijiria sì ń gbà rèé,"Ni Naijiria, bo tilẹ jẹ pe Aarẹ, igbakeji rẹ, awọn gomina kan, awọn alabaṣiṣẹ wọn atawọn lọbalọba kan ti gba abẹrẹ naa, ọpọ ara ilu lo n sọ pe awọn ko tii ṣetan lati gba abẹrẹ ti wọn ayafi ti wọn ba ri ẹri aridaju pe abẹrẹ naa ko mu ewu lọwọ.",https://www.bbc.com/yoruba/56369880
60,AstraZeneca vaccine: Ìdí tí orílẹ̀èdè Denmark àti Norway ṣe wọ́gilé abẹ́rẹ́ àjẹsára Covid-19 tí Naijiria sì ń gbà rèé,Idi ree ti ileeṣẹ to n ri si eto ilera alabọde ṣe sọ ninu atejade kan pe abala abẹrẹ Oxford-AstraZeneca ti Naijiria gba kii ṣe eyii to ni kọnunkọhọ ninu.,https://www.bbc.com/yoruba/56369880
61,AstraZeneca vaccine: Ìdí tí orílẹ̀èdè Denmark àti Norway ṣe wọ́gilé abẹ́rẹ́ àjẹsára Covid-19 tí Naijiria sì ń gbà rèé,"Alukoro ileeṣẹ ọhun, Mohammad Ohitoto sọ pe awọn to ti gba abẹrẹ naa ni Naijiria ko ṣafihan ami pe o mu ewu lọwọ.",https://www.bbc.com/yoruba/56369880
62,AstraZeneca vaccine: Ìdí tí orílẹ̀èdè Denmark àti Norway ṣe wọ́gilé abẹ́rẹ́ àjẹsára Covid-19 tí Naijiria sì ń gbà rèé,"Ati pe awọn orilẹ-ede bii Spain ati United Kingdom ni awọn n tẹle, lẹyin ti wọn gbe oṣuba kare fun abẹrẹ naa.",https://www.bbc.com/yoruba/56369880
63,Ṣé abẹ́rẹ́ àjẹsára wà fún àrùn Mpox?,"Ni ìbẹ̀rẹ̀ oṣù yìí, àjọ eleto ìlera ni agbaye, (WHO) kede àrùn náà gẹ́gẹ́ bíi àrùn to nilo amojuto pajawiri yika agbaye.",https://www.bbc.com/yoruba/articles/cdey311d8ypo
64,Ṣé abẹ́rẹ́ àjẹsára wà fún àrùn Mpox?,"Kokoro aifojuri tuntun kan, ti wọn pe ni Clade 1b, ti ọwọja rẹ buru pupọ to n jẹ jade lati ara àrùn Mpox, si lo fa akọtun àrùn Mpox yìí.",https://www.bbc.com/yoruba/articles/cdey311d8ypo
65,Ṣé abẹ́rẹ́ àjẹsára wà fún àrùn Mpox?,"Àjọ WHO si ti fi ọwọ idaniloju sọya pe oun yoo ri daju pe awọn abẹ́rẹ́ àjẹsára de àwọn àgbègbè to nilo wọn, lọ́nà ati tètè wa ọwọja itankalẹ àrùn náà bọlẹ.",https://www.bbc.com/yoruba/articles/cdey311d8ypo
66,Ṣé abẹ́rẹ́ àjẹsára wà fún àrùn Mpox?,"Àmọ́ kí ni a mọ nípa abẹ́rẹ́ àjẹsára fún àrùn Mpox, àti pé, irufẹ àwọn èèyàn wo lo yẹ ko gba abẹ́rẹ́ àjẹsára náà?",https://www.bbc.com/yoruba/articles/cdey311d8ypo
67,Ṣé abẹ́rẹ́ àjẹsára wà fún àrùn Mpox?,"Àjọ WHO daba abẹ́rẹ́ àjẹsára  MVA-BN tàbí LC16, àbí ACAM2000 nigba ti awọn abẹ́rẹ́ àjẹsára yoku ko ti si ni arọwọto.",https://www.bbc.com/yoruba/articles/cdey311d8ypo
68,Ṣé abẹ́rẹ́ àjẹsára wà fún àrùn Mpox?,"Àjáàbalẹ̀ ìròyìn BBC News Yorùbá lórí WhatsApp rẹ Darapọ̀ mọ́ wa nibì End of podcast promotion Ni ìbẹ̀rẹ̀ oṣù yìí, àjọ náà ṣe agbende lilo abẹ́rẹ́ àjẹsára fún itọju pajawiri fún àrùn Mpox kò le ṣe iranwọ fun àwọn orílẹ̀ede tí owó to n wọle sapo wọn kere jọjọ, ti wọn ko tii fontẹ lu lilo abẹ́rẹ́ àjẹsára náà, le ni anfaani si wọn.",https://www.bbc.com/yoruba/articles/cdey311d8ypo
69,Ṣé abẹ́rẹ́ àjẹsára wà fún àrùn Mpox?,Pinpin àwọn orílẹ̀ede sì iṣọri-iṣọri yìí túmọ̀ sí pe awọn àjọ bíi Unicef àti Gavi le e kóra jọ láti pín àwọn abẹ́rẹ́ àjẹsára náà.,https://www.bbc.com/yoruba/articles/cdey311d8ypo
70,Ṣé abẹ́rẹ́ àjẹsára wà fún àrùn Mpox?,Àjọ WHO ko máa daba igbesẹ gbigba abẹ́rẹ́ àjẹsára fún ọgọọrọ eeyan.,https://www.bbc.com/yoruba/articles/cdey311d8ypo
71,Ṣé abẹ́rẹ́ àjẹsára wà fún àrùn Mpox?,"Àmọ́ o n daba pe abẹ́rẹ́ àjẹsára yìí lee dojú kọ àwọn ènìyàn to wa ninu ewu pe o seese ki wọn tete lugbadi arun naa, àwọn ènìyàn tó ti fara kinra pẹlu àwọn alárùn Mpox àti àwọn olùgbé agbegbe ti àrùn náà tí bẹ silẹ.",https://www.bbc.com/yoruba/articles/cdey311d8ypo
72,Ṣé abẹ́rẹ́ àjẹsára wà fún àrùn Mpox?,Bákan náà ni àjọ WHO ni ẹni kan le gba abẹ́rẹ́ àjẹsára náà tí àjọ to ń ṣe akoso eto ìlera rẹ ba ri pe ẹni náà wa ninu ewu pe o le ko àrùn náà torí ìlànà irinajo to fẹ́ rìn.,https://www.bbc.com/yoruba/articles/cdey311d8ypo
73,Ṣé abẹ́rẹ́ àjẹsára wà fún àrùn Mpox?,"Ni ọ̀sẹ̀ to kọjá, àjọ to ń dènà itankalẹ àrùn àti akoso rẹ nilẹ Yúróòpù, (the European Centre for Disease Prevention and Control, ECDC) daba pe káwọn arìnrìn-àjò ni lérò láti gba abẹ́rẹ́ àjẹsára tí wọn ba n gbèrò láti wa sáwọn agbegbe ti àrùn ọhun wa nilẹ Áfíríkà.",https://www.bbc.com/yoruba/articles/cdey311d8ypo
74,Ṣé abẹ́rẹ́ àjẹsára wà fún àrùn Mpox?,Àwọn ènìyàn tó ti gba abẹ́rẹ́ àjẹsára náà sẹ́yìn kan nílò láti gba  ṣọọti abẹ́rẹ́ kan ṣoṣo kún èyí tí wọ́n ti gbà dípò kí wọn gba ṣọọti abẹ́rẹ́ méjì.,https://www.bbc.com/yoruba/articles/cdey311d8ypo
75,Ṣé abẹ́rẹ́ àjẹsára wà fún àrùn Mpox?,Àfikún abẹ́rẹ́ àjẹsára yìí ni wón máa ń daba rẹ láàárín ọdún méjì si mẹwa ti enikan ba seese ko wa ninu ewu kiko àrùn náà.,https://www.bbc.com/yoruba/articles/cdey311d8ypo
76,Ṣé abẹ́rẹ́ àjẹsára wà fún àrùn Mpox?,Kokoro aifojuri kan to jẹ mọlẹbi àrùn Ẹ̀yi (Smallpox) lo n fa àrùn Mpox.,https://www.bbc.com/yoruba/articles/cdey311d8ypo
77,Ṣé abẹ́rẹ́ àjẹsára wà fún àrùn Mpox?,"Abẹ́rẹ́ àjẹsára to ń dènà àrùn Ẹ̀yi, táwọn àgbàlagbà kan tí gba sẹ́yìn, naa le ṣètò idaabo bo.",https://www.bbc.com/yoruba/articles/cdey311d8ypo
78,Ṣé abẹ́rẹ́ àjẹsára wà fún àrùn Mpox?,Àjọ WHO kedere pé wọn tí wa ọwọja arun Ẹyi bọlẹ lọdun 1980 (àrùn to n tan kalẹ kan ṣoṣo tí wọn tí fún ní ipò yìí) tí wọn sì ti dẹkùn fífún àwọn ènìyàn ní abẹ́rẹ́ àjẹsára yìí o le ni ogójì ọdún sẹ́yìn.,https://www.bbc.com/yoruba/articles/cdey311d8ypo
79,Ṣé abẹ́rẹ́ àjẹsára wà fún àrùn Mpox?,"Orílẹ̀ èdè DRC àti Nàìjíríà yóò bẹ̀rẹ̀ gbigba abẹ́rẹ́ àjẹsára náà lọsẹ to n bọ, ti orílẹ̀ èdè DRC yóò sì máa lo abẹ́rẹ́ àjẹsára láti ilẹ Amẹ́ríkà àti Japan, tí Naijiria yóò sì gba abẹ́rẹ́ àjẹsára tiẹ̀ láti orílẹ̀ èdè Amẹ́ríkà.",https://www.bbc.com/yoruba/articles/cdey311d8ypo
80,Ṣé abẹ́rẹ́ àjẹsára wà fún àrùn Mpox?,"Minisita feto ìlera ni orílẹ̀ede Democratic Republic of Congo, Roger Kamba, ní àwọn ọmọdé ni yóò kọ́kọ́ gba abẹ́rẹ́ àjẹsára náà nítorí ọwọja itankalẹ àrùn Mpox láàárín àwọn ọmọdé tó wà ní ọmọ ọdún mẹẹdogun wa si ìsàlẹ̀ tí ga pupọ.",https://www.bbc.com/yoruba/articles/cdey311d8ypo
81,Ṣé abẹ́rẹ́ àjẹsára wà fún àrùn Mpox?,Ibùdó tó ń dènà itankalẹ àrùn àti akoso rẹ nilẹ Áfíríkà ti ní òun ti ṣe àdéhùn pẹlu ileisẹ kan nilẹ Denmark ti wọn n pe ni Bavarian Nordic lati lo àwọn imọ ẹ̀rọ ìgbàlódé rẹ fi ṣe àwọn abẹ́rẹ́ àjẹsára fún ilẹ Áfíríkà.,https://www.bbc.com/yoruba/articles/cdey311d8ypo
82,Ṣé abẹ́rẹ́ àjẹsára wà fún àrùn Mpox?,"Àjọ WHO sọ fún àwọn ileesẹ to ń pèsè oogun laipẹ yìí pe ki wọn sagbekalẹ àwọn abẹ́rẹ́ àjẹsára tí wọn pèsè fún ìlò pajawiri, kódà, bí wọn kò bá tíì fi ontẹ lu àwọn abẹ́rẹ́ àjẹsára náà fún lilo.",https://www.bbc.com/yoruba/articles/cdey311d8ypo
83,Ṣé abẹ́rẹ́ àjẹsára wà fún àrùn Mpox?,Orílẹ̀ede Nàìjíríà ni òun ń reti láti tẹwọ gba ẹgbẹ̀rún mẹ́wàá iṣọri àkọ́kọ́ abẹ́rẹ́ àjẹsára láti ọ̀dọ̀ ìjọba ilẹ̀ Amẹ́ríkà lọ́jọ́ Isẹgun.,https://www.bbc.com/yoruba/articles/cdey311d8ypo
84,Ṣé abẹ́rẹ́ àjẹsára wà fún àrùn Mpox?,Orílẹ̀ èdè Democratic Republic of Congo ni ijọba ilẹ̀ Amẹ́ríkà tí ṣèlérí láti fún òun ní ẹgbẹ̀rún lọ́nà àádọ́ta abẹ́rẹ́ àjẹsára náà nígbà tí ilẹ Japan ni òun yóò gbé abẹ́rẹ́ àjẹsára to to miliọnu mẹta àti aabọ silẹ.,https://www.bbc.com/yoruba/articles/cdey311d8ypo
85,Ṣé abẹ́rẹ́ àjẹsára wà fún àrùn Mpox?,"Àjọ WHO ni abẹ́rẹ́ àjẹsára fún àrùn Mpox ""ń pèsè ipele aabo kan láti dènà kiko àrùn náà àti àrùn to burú gidi."" Ṣáájú nínú ọ̀sẹ̀ yìí, Olùdarí ẹkùn fún àjọ WHO nilẹ Yúróòpù, Dókítà Hans Kluge, ní àrùn Mpox kii ""ṣe àrùn Covid-19 tuntun"" - lai naani kòkòrò aifojuri tuntun to jẹyọ lati ara àrùn náà - nítorí àrùn náà ṣe e ṣe akoso láti ipasẹ igbesẹ ìlera aráàlú tí kò ní iyapa - igbesẹ ìlera àti nini anfaani sí gbigba abẹ́rẹ́ àjẹsára.",https://www.bbc.com/yoruba/articles/cdey311d8ypo
86,Ṣé abẹ́rẹ́ àjẹsára wà fún àrùn Mpox?,"Àjọ WHO wa gba àwọn ènìyàn tó ti gba abẹ́rẹ́ àjẹsára fún àrùn Mpox ní ìmọ̀ràn láti ṣọraṣe, kí wọn yàgò fún kiko àrùn naa tàbí ṣe itankalẹ rẹ, nítorí ó máa ń gba to ọpọlọpọ ọ̀sẹ̀ kí wọn to ni àjẹsára láti dènà kiko àrùn náà lẹ́yìn tí wọ́n bá gba abẹ́rẹ́ tán.",https://www.bbc.com/yoruba/articles/cdey311d8ypo
87,Ṣé abẹ́rẹ́ àjẹsára wà fún àrùn Mpox?,Abẹ́rẹ́ àjẹsára náà sì lè ma sisẹ lára èèyàn díẹ̀.,https://www.bbc.com/yoruba/articles/cdey311d8ypo
88,Ṣé abẹ́rẹ́ àjẹsára wà fún àrùn Mpox?,"Ti wọn ba tiẹ̀ kò àrùn Mpox lẹ́yìn tí wọ́n ti gba abẹ́rẹ́ àjẹsára, síbẹ̀ abẹ́rẹ́ naa yoo si pèsè ààbò tako ọwọja arun naa to burú pupọ àti wíwà lórí ibùsùn nílé ìwòsàn.",https://www.bbc.com/yoruba/articles/cdey311d8ypo
89,Èyí làwọn ohun tí o lè ṣe láti dènà ààrùn Mpox tó gbode kan báyìí,"Ikilọ lori aisan mpox, eyi ti wọn n pe ni Monkeypox tẹlẹ, bọ si ipele tuntun to ṣe pataki ninu gbigbe ogun ti ilẹ Afrika.",https://www.bbc.com/yoruba/articles/c74lm2dl82mo
90,Èyí làwọn ohun tí o lè ṣe láti dènà ààrùn Mpox tó gbode kan báyìí,Igbimọ awọn amoye ṣe atilẹyin ipinnu naa.,https://www.bbc.com/yoruba/articles/c74lm2dl82mo
91,Èyí làwọn ohun tí o lè ṣe láti dènà ààrùn Mpox tó gbode kan báyìí,"Aisan naa ti n  tan kaakiri  orilẹede Democratic Republic of Congo, ti awọn amoye si n sọ pe aisan naa jẹ to lewu ju ti wọn ti rii.",https://www.bbc.com/yoruba/articles/c74lm2dl82mo
92,Èyí làwọn ohun tí o lè ṣe láti dènà ààrùn Mpox tó gbode kan báyìí,"Ajakale ni awọn apakan ti iwọ-oorun ati aringbungbun Afirika, lo ti n peleke si ni ilẹ Adulawọ fun ọpọ ọdun.",https://www.bbc.com/yoruba/articles/c74lm2dl82mo
93,Èyí làwọn ohun tí o lè ṣe láti dènà ààrùn Mpox tó gbode kan báyìí,"“Eyi kii ṣe ni ọrọ Afirika nikan, mpox jẹ aisan to n dunkoko mọ  agbaye, ewu ti ko mọ aala, ko mọ ẹya,,” Jean Kaseya, Ọga agba ACDC ṣalaye.",https://www.bbc.com/yoruba/articles/c74lm2dl82mo
94,Èyí làwọn ohun tí o lè ṣe láti dènà ààrùn Mpox tó gbode kan báyìí,"Ẹwẹ, o tẹnumọ pe o ṣe pataki pe ajọ agbaye bẹrẹ si ni pese  iranlọwọ fun awọn orilẹ-ede bii DR Congo.",https://www.bbc.com/yoruba/articles/c74lm2dl82mo
95,Èyí làwọn ohun tí o lè ṣe láti dènà ààrùn Mpox tó gbode kan báyìí,"“Kii ṣe fun wa ni ile Europe lati dahun nikan nitori a ni kiyesi lori bi yoo se wọ awọn orilẹ-ede wa,” o sọ.",https://www.bbc.com/yoruba/articles/c74lm2dl82mo
96,Èyí làwọn ohun tí o lè ṣe láti dènà ààrùn Mpox tó gbode kan báyìí,"“Ohun ti a ni lati gba jumọ bayii bi a se le pese alaafia fun awọn eeyan to n fi ara wọn lelẹ, ati bi wọn yoo se ni anfani si ajẹsara ati itọju to peye.",https://www.bbc.com/yoruba/articles/c74lm2dl82mo
97,Èyí làwọn ohun tí o lè ṣe láti dènà ààrùn Mpox tó gbode kan báyìí,"""Ti ikede ilu o faraọ lori ilera  gbogbo eniyan ni irinsẹ ti yoo pese iranlọwọ fun DR Congo,  iyẹn dara pupọ..” Ọjọgbọn Marks ni otitọ ni pe aisan yii ti n tan kaakiri awọn orilẹede to wa ni tosi bii bii Rwanda, Uganda ati Burundi ati pe eewu si Europe ati Amẹrika si jẹ kekere.",https://www.bbc.com/yoruba/articles/c74lm2dl82mo
98,Èyí làwọn ohun tí o lè ṣe láti dènà ààrùn Mpox tó gbode kan báyìí,"O fikun: “Ọkan ninu awọn ba wa lẹru ni akoko yii ni pe a ko mọ ẹru nnkan yii ati iye awọn eeyan to n se ti a ko ti mọ, nitori naa a ko mọ otitọ nipa iye eeyan to ti lugbadi aisan yii.” Arun Mpox jẹ aisan to n waye  nipasẹ kokoro-aarun monkeypox, ọmọ ẹgbẹ kana ni pẹlu igbona(small pox).",https://www.bbc.com/yoruba/articles/c74lm2dl82mo
99,Èyí làwọn ohun tí o lè ṣe láti dènà ààrùn Mpox tó gbode kan báyìí,"Ni akọkọ, ara ẹranko ni wọn ti ma n ko aarun yii si ara eeyan, to si n waye ni awọn orilẹede Adulawọp kan Ni awọn agbegbe wọnyi, ẹgbẹẹgbẹrun awọn aisan yii lo ti waye, ti ọpọ eeyan si n padanu ẹmi wọn lọdọdun- paapa awọn ọmọde ti ọjọ ori wa labẹ ọdun mẹdogun, to si jẹ pe awọn ni wọn buru ju.",https://www.bbc.com/yoruba/articles/c74lm2dl82mo
100,Èyí làwọn ohun tí o lè ṣe láti dènà ààrùn Mpox tó gbode kan báyìí,"Aisan yii pin si ọna meji, Akọkọ lo fa aisan to kalẹ ni gbogbo agbaye ni ọdun 2022, to tan ka orilẹede to le ni ọgọrun un Ikeji, eyi lo lagbara ju to n waye ni  aringbungbun Afirika - clade 1b.",https://www.bbc.com/yoruba/articles/c74lm2dl82mo
101,Èyí làwọn ohun tí o lè ṣe láti dènà ààrùn Mpox tó gbode kan báyìí,"Eyi lo wa lẹyineyi  tuntun ti wọn sẹsẹ ṣawari laipẹ ni DR Congo , to n tan ka lọ si Kenya, Rwanda, ati Uganda.",https://www.bbc.com/yoruba/articles/c74lm2dl82mo
102,Èyí làwọn ohun tí o lè ṣe láti dènà ààrùn Mpox tó gbode kan báyìí,Mpox tabi Monkeypoxni eeyan le ko lati ara eeyan mi to ba ni aisan naa.,https://www.bbc.com/yoruba/articles/c74lm2dl82mo
103,Èyí làwọn ohun tí o lè ṣe láti dènà ààrùn Mpox tó gbode kan báyìí,"Awọn apẹẹrẹ to ma n mu dani ni iba, orififọ, ki ara m wu, ẹyin didun ati egun didun Ni kete ti iba ba ti waye ni ara yoo bẹrẹ si ma su, bẹrẹ lati oju lọ si gbogbo ara, paapa atẹlẹwọ ati abẹ ẹsẹ.",https://www.bbc.com/yoruba/articles/c74lm2dl82mo
104,Èyí làwọn ohun tí o lè ṣe láti dènà ààrùn Mpox tó gbode kan báyìí,"Ara sisu, eyi ti o le ma ja ni lara jẹ tabi ko ma dun eeyan ni yoo ma lọ lati ipele kan si ipele mi ko to sarajọ, eyi to yoo pada bẹ.",https://www.bbc.com/yoruba/articles/c74lm2dl82mo
105,Èyí làwọn ohun tí o lè ṣe láti dènà ààrùn Mpox tó gbode kan báyìí,Awọn akoran yii ni wọn amkuro fun ara wọn lẹyin ọjọ mẹrinla si mọkanlelogun.,https://www.bbc.com/yoruba/articles/c74lm2dl82mo
106,Èyí làwọn ohun tí o lè ṣe láti dènà ààrùn Mpox tó gbode kan báyìí,"Awọn iṣẹlẹ aisan ma n se ikọlu si gbogbo ara, paapa oju, ẹnu ati ibi nnkan ọmọ kunrin tabi obinrin.",https://www.bbc.com/yoruba/articles/c74lm2dl82mo
107,Èyí làwọn ohun tí o lè ṣe láti dènà ààrùn Mpox tó gbode kan báyìí,"Ajo Ilera Agbaye, WHO ti gba ni mọran pe ti eeyan ba ti ni aarun Mpox, o yẹ ki o ya ara sọtọ ni ile fun iye akoko ti akoran naa yoo fi lọ.",https://www.bbc.com/yoruba/articles/c74lm2dl82mo
108,Èyí làwọn ohun tí o lè ṣe láti dènà ààrùn Mpox tó gbode kan báyìí,Ibora ati iwọ iboju tun le ṣe iranlọwọ lati yago fun itankale.,https://www.bbc.com/yoruba/articles/c74lm2dl82mo
109,Èyí làwọn ohun tí o lè ṣe láti dènà ààrùn Mpox tó gbode kan báyìí,Ojogbon Marks sọ pe bo ti jẹ pe eeyan le ko aisan naa to ba farakinra pẹlu eeyan to ni arun naa amọ nini ibalopọ pẹlu ẹlomii  n ko ipa nla lori ọrọ eyii.,https://www.bbc.com/yoruba/articles/c74lm2dl82mo
110,Èyí làwọn ohun tí o lè ṣe láti dènà ààrùn Mpox tó gbode kan báyìí,Eyi ti fa itankale ni ọpọlọpọ awọn orilẹ-ede Afirika ati pe o ti fa awọn abajade apaniyan fun awọn ọdọmọkunrin ni South Africa.,https://www.bbc.com/yoruba/articles/c74lm2dl82mo
111,Èyí làwọn ohun tí o lè ṣe láti dènà ààrùn Mpox tó gbode kan báyìí,"Ni Oṣu Kẹfa, eniyan meji ku iku Mpox ni South Africa, o kere ju wakati mẹrindinlogun lẹyin iku akọkọ ti orilẹ-ede latra aisan naa.",https://www.bbc.com/yoruba/articles/c74lm2dl82mo
112,Èyí làwọn ohun tí o lè ṣe láti dènà ààrùn Mpox tó gbode kan báyìí,"Dokita Adeola Fowotade, onimọ nipa aisan to n ti ara kokoro aifojuri jade, ti Ile-iwosan University College, Ibadan ni Nigeria sọ pe ọsẹ meji sẹyin, awọn orilẹede meji, Democratic Republic of Congo ati Nigeria ṣe afihan pe wọn ti ṣetan lati fun ni iwe-aṣẹ ajesara ti wọn nilo.",https://www.bbc.com/yoruba/articles/c74lm2dl82mo
113,Èyí làwọn ohun tí o lè ṣe láti dènà ààrùn Mpox tó gbode kan báyìí,"O sọ pe “Eyi jẹ igbesẹ iyin si iranlọwọ lati se adinku itankale aisan yii ni awọn orilẹ-ede Afirika ati pe Mo nireti pe awọn orilẹ-ede yoo  gba ipese naa,” Ṣugbọn Dokita Fowotade tun kilọ nipa pataki pipese ajesara pẹlu ipolongo alaye to nilo.",https://www.bbc.com/yoruba/articles/c74lm2dl82mo
114,Kọ́lẹ́rà: Wo fídíò àwọn ohun tó yẹ kí o mọ̀ nípa bí o ṣe lè dáàbò bo ara rẹ̀ lọ́wọ́ àìsàn tó ń gbilẹ̀ ní Nàìjíríà lọ́wọ́ yí,"Ọpọ eeyan lo ti padanu ẹmi wọn sọwọ aarun onigba meji lorilẹede Naijiria bayii, ọna si wa lati fopin aarun yii ni agbegbe wa.",https://www.bbc.com/yoruba/articles/c1334jrv411o
115,Kọ́lẹ́rà: Wo fídíò àwọn ohun tó yẹ kí o mọ̀ nípa bí o ṣe lè dáàbò bo ara rẹ̀ lọ́wọ́ àìsàn tó ń gbilẹ̀ ní Nàìjíríà lọ́wọ́ yí,Orisirisi nnkan lo le sokunfa aarun onigba meji sugbọn eyi to le ke n ka ju ni ai si imọ toto.,https://www.bbc.com/yoruba/articles/c1334jrv411o
116,Kọ́lẹ́rà: Wo fídíò àwọn ohun tó yẹ kí o mọ̀ nípa bí o ṣe lè dáàbò bo ara rẹ̀ lọ́wọ́ àìsàn tó ń gbilẹ̀ ní Nàìjíríà lọ́wọ́ yí,"Ajọ to n gbogun ti ajakalẹ arun lorilẹede Naijiria, NCDC ṣalaye pe, kọlẹra to ṣẹṣẹ bẹ silẹ laipẹ yii ti mu ẹmi eeyan to le ni ogoji lọ.",https://www.bbc.com/yoruba/articles/c1334jrv411o
117,Kọ́lẹ́rà: Wo fídíò àwọn ohun tó yẹ kí o mọ̀ nípa bí o ṣe lè dáàbò bo ara rẹ̀ lọ́wọ́ àìsàn tó ń gbilẹ̀ ní Nàìjíríà lọ́wọ́ yí,"Ẹwẹ, adari NCDC, dokita Jide Idris ti sọ pe awọn ko ni abẹrẹ ajẹsara to to lati koju arun kọlẹra.",https://www.bbc.com/yoruba/articles/c1334jrv411o
118,Kọ́lẹ́rà: Wo fídíò àwọn ohun tó yẹ kí o mọ̀ nípa bí o ṣe lè dáàbò bo ara rẹ̀ lọ́wọ́ àìsàn tó ń gbilẹ̀ ní Nàìjíríà lọ́wọ́ yí,Amọ o fi kun pe awọn ti bere abẹrẹ naa lọwọ awọn ajọ to n pin lọfẹẹ lati oke okun bo tilẹ jẹ pe ajọ naa ko mọ igba ti abẹrẹ ọhun yoo wọlesi Naijiria.,https://www.bbc.com/yoruba/articles/c1334jrv411o
119,Kọ́lẹ́rà: Wo fídíò àwọn ohun tó yẹ kí o mọ̀ nípa bí o ṣe lè dáàbò bo ara rẹ̀ lọ́wọ́ àìsàn tó ń gbilẹ̀ ní Nàìjíríà lọ́wọ́ yí,"Kọlẹra to maa n mu eeyan nipasẹ ounjé tabi omi ẹlẹgbin maa n fa igbọnsẹ gbuuru, eebi ati ki omi ara gbẹ pata.",https://www.bbc.com/yoruba/articles/c1334jrv411o
120,Kọ́lẹ́rà: Wo fídíò àwọn ohun tó yẹ kí o mọ̀ nípa bí o ṣe lè dáàbò bo ara rẹ̀ lọ́wọ́ àìsàn tó ń gbilẹ̀ ní Nàìjíríà lọ́wọ́ yí,Ajọ NCDC to n ri si didena arun sọ pe arun onigba-meji yii ti de ipinlẹ ọgbọn (30) ninu ipinlẹ mẹrindinlogoji (36) ti Naijiria ni.,https://www.bbc.com/yoruba/articles/c1334jrv411o
121,Kọ́lẹ́rà: Wo fídíò àwọn ohun tó yẹ kí o mọ̀ nípa bí o ṣe lè dáàbò bo ara rẹ̀ lọ́wọ́ àìsàn tó ń gbilẹ̀ ní Nàìjíríà lọ́wọ́ yí,Wọn ni o si ti kan ijọba ibilẹ mẹrindinlọgọrun-un (96).,https://www.bbc.com/yoruba/articles/c1334jrv411o
122,Kọ́lẹ́rà: Wo fídíò àwọn ohun tó yẹ kí o mọ̀ nípa bí o ṣe lè dáàbò bo ara rẹ̀ lọ́wọ́ àìsàn tó ń gbilẹ̀ ní Nàìjíríà lọ́wọ́ yí,"Koda, nipinlẹ Eko to jẹ ibusọ aje Naijiria, eeyan mẹẹẹdogun (15) lo ti ku latari arun yii.",https://www.bbc.com/yoruba/articles/c1334jrv411o
123,Kọ́lẹ́rà: Wo fídíò àwọn ohun tó yẹ kí o mọ̀ nípa bí o ṣe lè dáàbò bo ara rẹ̀ lọ́wọ́ àìsàn tó ń gbilẹ̀ ní Nàìjíríà lọ́wọ́ yí,Eeyan mẹtadinlogun mi-in ni akọsilẹ si tun wa pe Kọlẹra ti mu niluu naa.,https://www.bbc.com/yoruba/articles/c1334jrv411o
124,Àrùn Lasa àti kọ́lẹ́rà mú ẹ̀mí èèyàn 202 lọ ní Naijiria láàrín oṣù mẹ́fà – NCDC,NCDC lo sọ ọrọ naa ninu atẹjade kan to fi lede.,https://www.bbc.com/yoruba/articles/c0660lx262jo
125,Àrùn Lasa àti kọ́lẹ́rà mú ẹ̀mí èèyàn 202 lọ ní Naijiria láàrín oṣù mẹ́fà – NCDC,"O ni eeyan 6,704 lo ni iba Lasa ni ijọba ibilẹ 125, ti eeyan 162 si jade laye ni ipinlẹ 28 lati ọwọ arun naa.",https://www.bbc.com/yoruba/articles/c0660lx262jo
126,Àrùn Lasa àti kọ́lẹ́rà mú ẹ̀mí èèyàn 202 lọ ní Naijiria láàrín oṣù mẹ́fà – NCDC,Nigba ti kọlẹra to ṣẹṣẹ bẹ silẹ laipẹ yii ti mu ẹmi eeyan 40 lọ.,https://www.bbc.com/yoruba/articles/c0660lx262jo
127,Àrùn Lasa àti kọ́lẹ́rà mú ẹ̀mí èèyàn 202 lọ ní Naijiria láàrín oṣù mẹ́fà – NCDC,"Gẹgẹ bii nnkan ti NCDC sọ, bi Lasa ṣ n gbẹmi eeyan ti le si lati ida 17.1% si ida  17.8%.",https://www.bbc.com/yoruba/articles/c0660lx262jo
128,Àrùn Lasa àti kọ́lẹ́rà mú ẹ̀mí èèyàn 202 lọ ní Naijiria láàrín oṣù mẹ́fà – NCDC,"Ninu ida 65% awọn to ni Lasani Naijiria, 25% ninu wọn lo wa lati ipinlẹ Ondo, 22% wa lati Edo, ti ida 18% si waye nipinlẹ Bauchi.",https://www.bbc.com/yoruba/articles/c0660lx262jo
129,Àrùn Lasa àti kọ́lẹ́rà mú ẹ̀mí èèyàn 202 lọ ní Naijiria láàrín oṣù mẹ́fà – NCDC,Ajọ naa ṣalaye pe awọn ọdọ lo pọ ju ninu awọn to n lugbadi Lasa.,https://www.bbc.com/yoruba/articles/c0660lx262jo
130,Àrùn Lasa àti kọ́lẹ́rà mú ẹ̀mí èèyàn 202 lọ ní Naijiria láàrín oṣù mẹ́fà – NCDC,"O ni “ọjọ ori awọn to n ni arun naa jẹ lati ọdun mọkanlelogun si ọgbọn ọdun.” Ẹwẹ, adari NCDC, dokita Jide Idris ti sọ pe awọn ko ni abẹrẹ ajẹsara to to lati koju arun kọlẹra.",https://www.bbc.com/yoruba/articles/c0660lx262jo
131,Àrùn Lasa àti kọ́lẹ́rà mú ẹ̀mí èèyàn 202 lọ ní Naijiria láàrín oṣù mẹ́fà – NCDC,Amọ o fi kun pe awọn ti bere abẹrẹ naa lọwọ awọn ajọ to n pin lọfẹẹ lati oke okun bo tilẹ jẹ pe ajọ naa ko  mọ igba ti abẹrẹ ọhun yoo wọlesi Naijiria.,https://www.bbc.com/yoruba/articles/c0660lx262jo
132,Àwọn ohun tó yẹ kí o mọ̀ nipa àrùn Onígbá-méjì tó ti pa èèyàn ọgbọ̀n ní Nàìjíríà àti bí o ṣe lè dènà rẹ̀,"Kọlẹra to maa n mu eeyan nipasẹ ounjé tabi omi ẹlẹgbin maa n fa igbọnsẹ gbuuru, eebi ati ki omi ara gbẹ pata.",https://www.bbc.com/yoruba/articles/cn00q1p4z97o
133,Àwọn ohun tó yẹ kí o mọ̀ nipa àrùn Onígbá-méjì tó ti pa èèyàn ọgbọ̀n ní Nàìjíríà àti bí o ṣe lè dènà rẹ̀,Ajọ NCDC to n ri si didena arun sọ pe arun onigba-meji yii ti de ipinlẹ ọgbọn (30) ninu ipinlẹ mẹrindinlogoji (36) ti Naijiria ni.,https://www.bbc.com/yoruba/articles/cn00q1p4z97o
134,Àwọn ohun tó yẹ kí o mọ̀ nipa àrùn Onígbá-méjì tó ti pa èèyàn ọgbọ̀n ní Nàìjíríà àti bí o ṣe lè dènà rẹ̀,Wọn ni o si ti kan ijọba ibilẹ mẹrindinlọgọrun-un (96).,https://www.bbc.com/yoruba/articles/cn00q1p4z97o
135,Àwọn ohun tó yẹ kí o mọ̀ nipa àrùn Onígbá-méjì tó ti pa èèyàn ọgbọ̀n ní Nàìjíríà àti bí o ṣe lè dènà rẹ̀,"Koda, nipinlẹ Eko to jẹ ibusọ aje Naijiria, eeyan mẹẹẹdogun (15) lo ti ku latari arun yii.",https://www.bbc.com/yoruba/articles/cn00q1p4z97o
136,Àwọn ohun tó yẹ kí o mọ̀ nipa àrùn Onígbá-méjì tó ti pa èèyàn ọgbọ̀n ní Nàìjíríà àti bí o ṣe lè dènà rẹ̀,"Bakan naa ni wọn ni apẹẹrẹ tun foju han, pe eeyan irinwo din laaadọta (350) ni arun yii tun ti fọwọ ba.",https://www.bbc.com/yoruba/articles/cn00q1p4z97o
137,Àwọn ohun tó yẹ kí o mọ̀ nipa àrùn Onígbá-méjì tó ti pa èèyàn ọgbọ̀n ní Nàìjíríà àti bí o ṣe lè dènà rẹ̀,"Bi akọsilẹ awọn eleto ilera ṣe wi, awọn ibi ti arun onigba-meji ko ti i de ni Naijriia lasiko yii ko to nnkan.",https://www.bbc.com/yoruba/articles/cn00q1p4z97o
138,Àwọn ohun tó yẹ kí o mọ̀ nipa àrùn Onígbá-méjì tó ti pa èèyàn ọgbọ̀n ní Nàìjíríà àti bí o ṣe lè dènà rẹ̀,"Ni Naijiria, kọlẹra jẹ ọkan lara awọn arun to maa n ṣẹlẹ latigba degba, paapaa julọ lasiko ojo.",https://www.bbc.com/yoruba/articles/cn00q1p4z97o
139,Àwọn ohun tó yẹ kí o mọ̀ nipa àrùn Onígbá-méjì tó ti pa èèyàn ọgbọ̀n ní Nàìjíríà àti bí o ṣe lè dènà rẹ̀,Eyi maa n ri bẹẹ lawọn ibi ti imọtoto ba ti mẹhẹ.,https://www.bbc.com/yoruba/articles/cn00q1p4z97o
140,Àwọn ohun tó yẹ kí o mọ̀ nipa àrùn Onígbá-méjì tó ti pa èèyàn ọgbọ̀n ní Nàìjíríà àti bí o ṣe lè dènà rẹ̀,Itan sọ pe ajakalẹ arun onigba-meji akọkọ bẹ silẹ ni Naijiria laarin ọdun 1970 si 1990.,https://www.bbc.com/yoruba/articles/cn00q1p4z97o
141,Àwọn ohun tó yẹ kí o mọ̀ nipa àrùn Onígbá-méjì tó ti pa èèyàn ọgbọ̀n ní Nàìjíríà àti bí o ṣe lè dènà rẹ̀,"Awọn eyi to lagbara mi-in tun waye ni 1992, 1995-1996 ati 1997.",https://www.bbc.com/yoruba/articles/cn00q1p4z97o
142,Àwọn ohun tó yẹ kí o mọ̀ nipa àrùn Onígbá-méjì tó ti pa èèyàn ọgbọ̀n ní Nàìjíríà àti bí o ṣe lè dènà rẹ̀,"Laaarin oṣu kinni, ọdun 2010 si oṣu kẹwaa, eeyan 1,434 ni ileeṣẹ eleto ilera kede pe kọlẹra pa ni Naijiria.",https://www.bbc.com/yoruba/articles/cn00q1p4z97o
143,Àwọn ohun tó yẹ kí o mọ̀ nipa àrùn Onígbá-méjì tó ti pa èèyàn ọgbọ̀n ní Nàìjíríà àti bí o ṣe lè dènà rẹ̀,"Ni 2011, eeyan 728 ni wọn ni o pa.",https://www.bbc.com/yoruba/articles/cn00q1p4z97o
144,Àwọn ohun tó yẹ kí o mọ̀ nipa àrùn Onígbá-méjì tó ti pa èèyàn ọgbọ̀n ní Nàìjíríà àti bí o ṣe lè dènà rẹ̀,"Gẹgẹ bi ajọ ‘National Health Service’ (NHS) to n ri si ilera ni UK ṣe wi, eyi ni awọn apẹẹrẹ arun Kọlẹra: Ti o ba ba ara rẹ lori irin ajo lọ sawọn ibi ti kọlẹra ti n ja ran-in, eyi lawọn ohun ti o le ṣe lati dena rẹ Ohun to n dena arun onigba-meji yii wa, ti a le pe ni ajẹsara, ṣugbọn ọpọ eeyan ko nilo rẹ.",https://www.bbc.com/yoruba/articles/cn00q1p4z97o
145,Àwọn ohun tó yẹ kí o mọ̀ nipa àrùn Onígbá-méjì tó ti pa èèyàn ọgbọ̀n ní Nàìjíríà àti bí o ṣe lè dènà rẹ̀,Niṣe ni wọn yoo fun eeyan ni ajẹsara naa bi nnkan mimu.,https://www.bbc.com/yoruba/articles/cn00q1p4z97o
146,Àwọn ohun tó yẹ kí o mọ̀ nipa àrùn Onígbá-méjì tó ti pa èèyàn ọgbọ̀n ní Nàìjíríà àti bí o ṣe lè dènà rẹ̀,"Fun agbalagba, ẹẹmeji ni wọn yoo gba a.",https://www.bbc.com/yoruba/articles/cn00q1p4z97o
147,Àwọn ohun tó yẹ kí o mọ̀ nipa àrùn Onígbá-méjì tó ti pa èèyàn ọgbọ̀n ní Nàìjíríà àti bí o ṣe lè dènà rẹ̀,Laaarin ọsẹ akọkọ si ikẹfa ni wọn maa n gba a sira wọn.,https://www.bbc.com/yoruba/articles/cn00q1p4z97o
148,Àwọn ohun tó yẹ kí o mọ̀ nipa àrùn Onígbá-méjì tó ti pa èèyàn ọgbọ̀n ní Nàìjíríà àti bí o ṣe lè dènà rẹ̀,Ajẹsara yii le da aabo bo eeyan lọwọọ kọlẹra fun ọdun meji.,https://www.bbc.com/yoruba/articles/cn00q1p4z97o
149,Àwọn ohun tó yẹ kí o mọ̀ nipa àrùn Onígbá-méjì tó ti pa èèyàn ọgbọ̀n ní Nàìjíríà àti bí o ṣe lè dènà rẹ̀,"Itọju gboogi to wa fun arun Onigba-meji ni ki eeyan mu ọpọlọpọ omi, titi to fi mọ omi ti wọn maa n lo ti omi ara ba ti gbẹ.",https://www.bbc.com/yoruba/articles/cn00q1p4z97o
150,Àwọn ohun tó yẹ kí o mọ̀ nipa àrùn Onígbá-méjì tó ti pa èèyàn ọgbọ̀n ní Nàìjíríà àti bí o ṣe lè dènà rẹ̀,Omi yii ni wọn tun n pe ni omi ìyè.,https://www.bbc.com/yoruba/articles/cn00q1p4z97o
151,Àwọn ohun tó yẹ kí o mọ̀ nipa àrùn Onígbá-méjì tó ti pa èèyàn ọgbọ̀n ní Nàìjíríà àti bí o ṣe lè dènà rẹ̀,"Iyẹfun oyinbo ti wọn ti ṣe bii oogun leeyan yoo po mọ omi lati rọpo iyọ, ṣuga ati eroja minira to ti kuro lara latari Kọlẹra.",https://www.bbc.com/yoruba/articles/cn00q1p4z97o
152,Àwọn ohun tó yẹ kí o mọ̀ nipa àrùn Onígbá-méjì tó ti pa èèyàn ọgbọ̀n ní Nàìjíríà àti bí o ṣe lè dènà rẹ̀,Iyefun naa wa lawọn ile itaja oogun kaakiri.,https://www.bbc.com/yoruba/articles/cn00q1p4z97o
153,Àwọn ohun tó yẹ kí o mọ̀ nipa àrùn Onígbá-méjì tó ti pa èèyàn ọgbọ̀n ní Nàìjíríà àti bí o ṣe lè dènà rẹ̀,"Bi ara rẹ ko ba ya gidi, iwọ yoo ni lati lọ sile iwosan, nibi ti wọn yoo ti tọju rẹ pẹlu fifa omi si ọ lara.",https://www.bbc.com/yoruba/articles/cn00q1p4z97o
154,Àwọn ohun tó yẹ kí o mọ̀ nipa àrùn Onígbá-méjì tó ti pa èèyàn ọgbọ̀n ní Nàìjíríà àti bí o ṣe lè dènà rẹ̀,Ati fifun ọ loogun apakokoro ti ko ni i jẹ ki Kọlẹra kari ara rẹ.,https://www.bbc.com/yoruba/articles/cn00q1p4z97o
155,Wo kókó mẹ́wàá tó yẹ kí o mọ̀ nípa àìsàn jẹjẹrẹ ojú ara,"Jẹjẹrẹ ojú ara jẹ́ ọ̀kan lára àwọn jẹjẹrẹ mẹ́ta - jẹjẹrẹ ọyàn, jẹjẹrẹ ilé ìtọ̀ - tó máa ń ṣokùnfà ikú àwọn obìnrin jùlọ ní Nàìjíríà.",https://www.bbc.com/yoruba/articles/cyx1v2yw56no
156,Wo kókó mẹ́wàá tó yẹ kí o mọ̀ nípa àìsàn jẹjẹrẹ ojú ara,"Adarí àjọ tó ń rí sí ọ̀rọ̀ àwọn ọmọdé ní àjọ ìṣọ̀kan àgbáyé ìyẹn United Nations Children's Fund, UNICEF ní Nàìjíríà, Dókítà Rownak Khan ní bí àìsàn náà ṣe lágbára tó, ó ṣeéṣe láti mú àdínkù ba pẹ̀lú ìdá àádọ́rùn-ún tí àwọn ọmọdébìnrin bá gba abẹ́rẹ́ àjẹsára tó yẹ láti dènà rẹ̀.",https://www.bbc.com/yoruba/articles/cyx1v2yw56no
157,Wo kókó mẹ́wàá tó yẹ kí o mọ̀ nípa àìsàn jẹjẹrẹ ojú ara,"Àjọ ètò ìlera àgbáyé, World Health Organization, WHO ní ìrètí àwọn aláṣẹ ni láti dá ààbò bo mílíọ̀nù mẹ́rìndínlógún ọmọbìnrin Nàìjíríà lọ́wọ́ àìsàn jẹjẹrẹ ojú ara nígbà tí yóò bá fi di ọdún 2025.",https://www.bbc.com/yoruba/articles/cyx1v2yw56no
158,Wo kókó mẹ́wàá tó yẹ kí o mọ̀ nípa àìsàn jẹjẹrẹ ojú ara,"Ọjọ́ márùn-ún, bẹ̀rẹ̀ láti ọjọ́ Ìṣẹ́gun tí wọ́n ṣe ìfilọ́lẹ̀ abẹ́rẹ́ àjẹsára náà, ni wọ́n fi máa fún àwọn ọmọbìnrin ní abẹ́rẹ́ àjẹsára yìí ní àwọn ìpínlẹ̀ mẹ́ẹ̀dógún àti olú orílẹ̀ èdè yìí, Abuja.",https://www.bbc.com/yoruba/articles/cyx1v2yw56no
159,Wo kókó mẹ́wàá tó yẹ kí o mọ̀ nípa àìsàn jẹjẹrẹ ojú ara,"Ìdá mọ́kàndínlọ́gọ́rùn-ún àìsàn jẹjẹrẹ ojú ara ló máa ń wáyé lára kòkòrò àìfojúrí kan tí orúkọ rẹ̀ ń jẹ́ human papillomaviruses (HPV), èyí tí ó wọ́pọ̀, tí èèyàn sì máa ń kó látara ìbálòpọ̀.",https://www.bbc.com/yoruba/articles/cyx1v2yw56no
160,Wo kókó mẹ́wàá tó yẹ kí o mọ̀ nípa àìsàn jẹjẹrẹ ojú ara,Kòkòrò àìfojúrí yìí máa ń lọ fúnra rẹ̀ àmọ́ tí ènìyàn bá ń ko ní gbogbo ìgbà ó lè fa àìsàn jẹjẹrẹ ojú ara.,https://www.bbc.com/yoruba/articles/cyx1v2yw56no
161,Wo kókó mẹ́wàá tó yẹ kí o mọ̀ nípa àìsàn jẹjẹrẹ ojú ara,Jẹjẹrẹ ojú ara ni jẹjẹrẹ kẹrin tó wọ́pọ̀ jùlọ nínú àwọn jẹjẹrẹ tó máa ń mú àwọn obìnrin.,https://www.bbc.com/yoruba/articles/cyx1v2yw56no
162,Wo kókó mẹ́wàá tó yẹ kí o mọ̀ nípa àìsàn jẹjẹrẹ ojú ara,"Ní ọdún 2018, bíi obìnrin 570,000 ló ní àìsàn jẹjẹrẹ ojú ara káàkiri àgbáyé tí àwọn 311, 000 sì bá a lọ ní ọdún náà.",https://www.bbc.com/yoruba/articles/cyx1v2yw56no
163,Wo kókó mẹ́wàá tó yẹ kí o mọ̀ nípa àìsàn jẹjẹrẹ ojú ara,Àìsàn tó lágbára tó lè ṣekúpa ènìyàn ni àìsàn jẹjẹrẹ ojú ara.,https://www.bbc.com/yoruba/articles/cyx1v2yw56no
164,Wo kókó mẹ́wàá tó yẹ kí o mọ̀ nípa àìsàn jẹjẹrẹ ojú ara,"Mínísítà fún ètò ìlera Nàìjíríà, Ọ̀jọ̀gbọ́n Muhammad Ali Pate ní ẹgbẹ̀rún mẹ́jọ àwọn obìnrin ló máa ń pàdánù ẹ̀mí wọn sọ́wọ́ àìsàn yìí ní Nàìjíríà ní ọdọọdún.",https://www.bbc.com/yoruba/articles/cyx1v2yw56no
165,Wo kókó mẹ́wàá tó yẹ kí o mọ̀ nípa àìsàn jẹjẹrẹ ojú ara,Pate ní nínú àwọn ẹgbẹ̀rún méjìlá obìnrin tó máa ń pàdánù ẹ̀mí wọn ní Nàìjíríà ní ọdọọdún ni ẹgbẹ̀rún mẹ́jọ máa ń wáyé látara àìsàn jẹjẹrẹ ojú ara èyí tó ní ó ṣe é dènà àti pé òpin gbọ́dọ̀ bá àkọ́ọ́lẹ̀ yìí.,https://www.bbc.com/yoruba/articles/cyx1v2yw56no
166,Wo kókó mẹ́wàá tó yẹ kí o mọ̀ nípa àìsàn jẹjẹrẹ ojú ara,"Adarí iléeṣẹ́ tó ń rí sí ètò abẹ́rẹ́ àjẹsára kan ní Nàìjíríà ìyẹn Gavi International Vaccines Center in Nigeria, Thabani Maphosa ní àdánù ńlá ni jẹjẹrẹ ojú ara ń kó bá ní gbogbo ìgbà.",https://www.bbc.com/yoruba/articles/cyx1v2yw56no
167,Wo kókó mẹ́wàá tó yẹ kí o mọ̀ nípa àìsàn jẹjẹrẹ ojú ara,Pate ní àwọn òbí lè dá ààbò bo àwọn ọmọ wọn nípa gbígba abẹ́rẹ́ yìí fún àwọn ọmọbìnrin wọn láti dènà àìsàn náà fún wọn.,https://www.bbc.com/yoruba/articles/cyx1v2yw56no
168,Wo kókó mẹ́wàá tó yẹ kí o mọ̀ nípa àìsàn jẹjẹrẹ ojú ara,WHO ní gbogbo rẹ̀ ló wà fún àti dá ààbò bo àwọn kòkòrò àìfojúrí kẹrìndínlógún àti kejìdínlógún tó jẹ́ pé àpapọ̀ rẹ̀ ló máa ń fa àìsàn jẹjẹrẹ ojú ara káàkiri àgbáyé.,https://www.bbc.com/yoruba/articles/cyx1v2yw56no
169,Wo kókó mẹ́wàá tó yẹ kí o mọ̀ nípa àìsàn jẹjẹrẹ ojú ara,Wọ́n ní gbígba abẹ́rẹ́ àjẹsára yìí yóò dènà títan àìsàn náà kalẹ̀ àti àyẹ̀wò rẹ̀ fìdí rẹ̀ múlẹ̀ pé abẹ́rẹ́ àjẹsára HPV kò ní ìpalára kankan.,https://www.bbc.com/yoruba/articles/cyx1v2yw56no
170,Wo kókó mẹ́wàá tó yẹ kí o mọ̀ nípa àìsàn jẹjẹrẹ ojú ara,Àwọn ìpínlẹ̀ mẹ́ẹ̀dógún ni yóò kọ́kọ́ ní àǹfàní láti gba abẹ́rẹ́ yìí.,https://www.bbc.com/yoruba/articles/cyx1v2yw56no
171,Wo kókó mẹ́wàá tó yẹ kí o mọ̀ nípa àìsàn jẹjẹrẹ ojú ara,"Àwọn náà ni Abia, Adamawa, Akwa Ibom, Enugu, Lagos, Osun, Bauchi, Bayelsa, Benue, Jigawa, Nasarawa, Kano, Kebbi, Ogun, Taraba àti Abuja.",https://www.bbc.com/yoruba/articles/cyx1v2yw56no
172,Wo kókó mẹ́wàá tó yẹ kí o mọ̀ nípa àìsàn jẹjẹrẹ ojú ara,"Ní ọjọ́ Ìṣẹ́gun, ọjọ́ Kẹrìnlélógún sí ọjọ́ Àìkú ọjọ́ Kejìdínlọ́gbọ̀n oṣù Kẹwàá ọdún 2023 ni ètò gbígba abẹ́rẹ́ àjẹsára náà máa fi wáyé.",https://www.bbc.com/yoruba/articles/cyx1v2yw56no
173,Wo kókó mẹ́wàá tó yẹ kí o mọ̀ nípa àìsàn jẹjẹrẹ ojú ara,Ní oṣù Karùn-ún ọdún 2025 ni ìfilọ́lẹ̀ rẹ̀ máa wáyé ní àwọn ìpínlẹ̀ mọ́kànlélógún yòókù.,https://www.bbc.com/yoruba/articles/cyx1v2yw56no
174,Wo kókó mẹ́wàá tó yẹ kí o mọ̀ nípa àìsàn jẹjẹrẹ ojú ara,Mílíọ̀nù mẹ́ẹ̀dógún abẹ́rẹ́ àjẹsára dènà jẹjẹrẹ ojú ara tí àjọ Unicef gbé kalẹ̀ fún Nàìjíríà jẹ́ ojúná láti dá ààbò bo àwọn orílẹ̀ èdè mẹ́rin káàkiri àgbáyé lọ́wọ́ jẹjẹrẹ ojú ara.,https://www.bbc.com/yoruba/articles/cyx1v2yw56no
175,Wo kókó mẹ́wàá tó yẹ kí o mọ̀ nípa àìsàn jẹjẹrẹ ojú ara,"Nàìjíríà, Bangladesh, Cambodia, Eswatini, Kiribati, Mongolia àti Togo ti ní àwọn yóò fi abẹ́rẹ́ àjẹsára HPV kún abẹ́rẹ́ àjẹsára tí wọn yóò máa fún àwọn ọmọdé.",https://www.bbc.com/yoruba/articles/cyx1v2yw56no
176,Wo kókó mẹ́wàá tó yẹ kí o mọ̀ nípa àìsàn jẹjẹrẹ ojú ara,"Unicef ní àwọn obìnrin tó lé ní 600,000 ló ní àìsàn jẹjẹrẹ ojú ara lọ́dún 2020 tí àwọn 340,000 sì pàdánù ẹ̀mí wọn sọ́wọ́ àìsàn náà.",https://www.bbc.com/yoruba/articles/cyx1v2yw56no
177,Wo kókó mẹ́wàá tó yẹ kí o mọ̀ nípa àìsàn jẹjẹrẹ ojú ara,Àjọ náà ní àwọn orílẹ̀ èdè tí kò tíì gòkè àgbà ni àìsàn yìí ti máa ń wáyé jùlọ nítorí kò sí ètò ìlera tó péye láti tọ́jú rẹ̀.,https://www.bbc.com/yoruba/articles/cyx1v2yw56no
178,Wo kókó mẹ́wàá tó yẹ kí o mọ̀ nípa àìsàn jẹjẹrẹ ojú ara,WHO ń gbìyànjú láti gbé àwọn abẹ́rẹ́ àjẹsára yìí lọ sí àwọn orílẹ̀ èdè tí àwọn obìnrin tó tó ìdá ọgọ́ta ti ní àìsàn yìí látàrí pé wọn kò gba abẹ́rẹ́ àjẹsára rẹ̀ rí.,https://www.bbc.com/yoruba/articles/cyx1v2yw56no
179,Wo kókó mẹ́wàá tó yẹ kí o mọ̀ nípa àìsàn jẹjẹrẹ ojú ara,Unicef ní orílẹ̀ èdè ogún ni àwọn ń gbèrò láti pín abẹ́rẹ́ àjẹsára náà sí láàárín ọdún méjì.,https://www.bbc.com/yoruba/articles/cyx1v2yw56no
180,Wo kókó mẹ́wàá tó yẹ kí o mọ̀ nípa àìsàn jẹjẹrẹ ojú ara,Ìrètí wà pé Nàìjíríà yóò fún àwọn ọmọbìnrin tó lé ní mílíọ̀nù méje àbọ̀ ní abẹ́rẹ́ àjẹsára HPV.,https://www.bbc.com/yoruba/articles/cyx1v2yw56no
181,Wo kókó mẹ́wàá tó yẹ kí o mọ̀ nípa àìsàn jẹjẹrẹ ojú ara,WHO ní iye ló pọ̀ jùlọ tí yóò gba abẹ́rẹ́ àjẹsára yìí láàárín ọdún kan ní ẹkùn Adúláwọ̀.,https://www.bbc.com/yoruba/articles/cyx1v2yw56no
182,Wo kókó mẹ́wàá tó yẹ kí o mọ̀ nípa àìsàn jẹjẹrẹ ojú ara,"Lẹ́yìn tí wọ́n bá gbé abẹ́rẹ́ àjẹsára lọ sí ojúlé sí ojúlé fún ọjọ́ márùn-ún yìí, wọ́n máa bẹ̀rẹ̀ sí ní fi sára abẹ́rẹ́ àjẹsára tí àwọn ọmọ yóò máa gbà lẹ́yìn tí wọ́n bá ti bí wọn tán.",https://www.bbc.com/yoruba/articles/cyx1v2yw56no
183,Wo kókó mẹ́wàá tó yẹ kí o mọ̀ nípa àìsàn jẹjẹrẹ ojú ara,Àwọn ọmọbìnrin tí ọjọ́ orí wọn wà láàárín ọdún mẹ́sàn-án sí ọdún mẹ́rìnlá ni wọ́n máa kọ́kọ́ fún níbi ipele àkọ́kọ́.,https://www.bbc.com/yoruba/articles/cyx1v2yw56no
184,Wo kókó mẹ́wàá tó yẹ kí o mọ̀ nípa àìsàn jẹjẹrẹ ojú ara,Mílíọ̀nù mẹ́rìndínlógún àwọn ọmọbìnrin ni ìrètí wà pé yóò ti gba abẹ́rẹ́ àjẹsára yìí ní Nàìjíríà láàárín ọdún méjì.,https://www.bbc.com/yoruba/articles/cyx1v2yw56no
185,Wo kókó mẹ́wàá tó yẹ kí o mọ̀ nípa àìsàn jẹjẹrẹ ojú ara,WHO ní iye abẹ́rẹ́ àjẹsára tí ọmọ kọ̀ọ̀kan yóò gbà dá lórí iye ọjọ́ orí rẹ̀.,https://www.bbc.com/yoruba/articles/cyx1v2yw56no
186,Wo kókó mẹ́wàá tó yẹ kí o mọ̀ nípa àìsàn jẹjẹrẹ ojú ara,Ìjọba Nàìjíríà ní ẹyọ kọ̀ọ̀kan ni wọ́n máa fún àwọn ọmọbìnrin lásìkò yìí àti pé ẹyọ̀kan náà yóò ṣe iṣẹ́ tí wọ́n fẹ́ kó ṣe.,https://www.bbc.com/yoruba/articles/cyx1v2yw56no
187,Wo kókó mẹ́wàá tó yẹ kí o mọ̀ nípa àìsàn jẹjẹrẹ ojú ara,"Lára àwọn tó kópa níbi ìfilọ́lẹ̀ abẹ́rẹ́ àjẹsára náà ni Sultan ti Sokoto, Alhaji Sa'ad Abubakar Kẹta tó sì jẹ́jẹ̀ẹ́ àtìlẹyìn tó péye fún ètò náà.",https://www.bbc.com/yoruba/articles/cyx1v2yw56no
188,Wo kókó mẹ́wàá tó yẹ kí o mọ̀ nípa àìsàn jẹjẹrẹ ojú ara,"Ó ní pẹ̀lú àtìlẹyìn àwọn ìjọba ní gbogbo ẹ̀ka, wọn yóò rí àwọn ọmọbìnrin fún ní abẹ́rẹ́ náà bó ṣe tọ́.",https://www.bbc.com/yoruba/articles/cyx1v2yw56no
189,Wo kókó mẹ́wàá tó yẹ kí o mọ̀ nípa àìsàn jẹjẹrẹ ojú ara,Mínísítà fún ẹ̀tọ́ ìlera Nàìjíríà náà ní òun yóò ṣe àrídájú rẹ̀ pé àwọn ọmọbìnrin mẹ́rin òun ló gba abẹ́rẹ́ náà.,https://www.bbc.com/yoruba/articles/cyx1v2yw56no
190,Wo kókó mẹ́wàá tó yẹ kí o mọ̀ nípa àìsàn jẹjẹrẹ ojú ara,Iléeṣẹ́ ètò ìlera Nàìjíríà yóò máa pèsè abẹ́rẹ́ àjẹsára yìí lọ́fẹ̀ẹ́ gbọwọ́ àjọ tó ń rí sí ètò ìlera alábọ́dé.,https://www.bbc.com/yoruba/articles/cyx1v2yw56no
191,Wo kókó mẹ́wàá tó yẹ kí o mọ̀ nípa àìsàn jẹjẹrẹ ojú ara,"Gavi, Vaccine Alliance, Unicef, WHO àtàwọn míì ló ṣe àtìlẹyìn ètò yìí fún Nàìjíríà.",https://www.bbc.com/yoruba/articles/cyx1v2yw56no
192,Wo kókó mẹ́wàá tó yẹ kí o mọ̀ nípa àìsàn jẹjẹrẹ ojú ara,WHO ní àwọn òṣìṣẹ́ ètò ìlera tó lé ní ẹgbẹ̀rún lọ́nà ọgbọ̀n ni àwọn ti ṣe ìdánilẹ́kọ̀ọ́ fún ní Nàìjíríà lórí abẹ́rẹ́ àjẹsára náà.,https://www.bbc.com/yoruba/articles/cyx1v2yw56no
193,Wo kókó mẹ́wàá tó yẹ kí o mọ̀ nípa àìsàn jẹjẹrẹ ojú ara,"Wọ́n ní láti ri dájú pé ọmọbìnrin kankan kò yọ sílẹ̀, àwọn ti pèsè bí wọn ṣe máa gbé àwọn abẹ́rẹ́ àjẹsára náà lọ sí ẹsẹ̀ kúkù.",https://www.bbc.com/yoruba/articles/cyx1v2yw56no
194,Wo kókó mẹ́wàá tó yẹ kí o mọ̀ nípa àìsàn jẹjẹrẹ ojú ara,"Mínísítà fún ètò ìlera Nàìjíríà, Ọ̀jọ̀gbọ́n Muhammad Ali Pate ní abẹ́rẹ́ àjẹsára HPV dára fún àwọn ènìyàn láti gbà àti pé wọ́n ti fún ọ̀pọ̀ àwọn obìnrin ní àgbáyé kí wọ́n tó gbe wá sí Nàìjíríà.",https://www.bbc.com/yoruba/articles/cyx1v2yw56no
195,Wo kókó mẹ́wàá tó yẹ kí o mọ̀ nípa àìsàn jẹjẹrẹ ojú ara,"Ó ní bí ó tilẹ̀ jẹ́ pé abẹ́rẹ́ àjẹsára náà kìí ṣe dandan, ó rọ àwọn òbí láti jẹ́ kí àwọn ọmọ wọn gba abẹ́rẹ́ náà.",https://www.bbc.com/yoruba/articles/cyx1v2yw56no
196,Wo kókó mẹ́wàá tó yẹ kí o mọ̀ nípa àìsàn jẹjẹrẹ ojú ara,Àwọn obìnrin tó lé ní mílíọ̀nù mẹ́rìndínlọ́gọ́ta ló lè kó àìsàn jẹjẹrẹ ojú ara.,https://www.bbc.com/yoruba/articles/cyx1v2yw56no
197,Wo kókó mẹ́wàá tó yẹ kí o mọ̀ nípa àìsàn jẹjẹrẹ ojú ara,Àwọn obìnrin tó wà láàárín ọjọ́ orí ọdún mẹ́ẹ̀dógún sí mẹ́rìnlélógójì ló lè ní àìsàn náà jùlọ.,https://www.bbc.com/yoruba/articles/cyx1v2yw56no
198,"Ẹ̀yin ènìyàn ẹ ṣọ́ra, àìsàn Diphteria tí pa ènìyàn 80 ní Naijiria",Aisan naa ti o ma n ran awọn eniyan lọgọọrọ ma n ṣe akoba fun imu ati ọna ọfun awọn eniyan to ba kagbako rẹ.,https://www.bbc.com/yoruba/articles/c3gm3prv8g4o
199,"Ẹ̀yin ènìyàn ẹ ṣọ́ra, àìsàn Diphteria tí pa ènìyàn 80 ní Naijiria",Eyi yoo fa inira fun eemi nibẹ to si le ṣakoba fun ọkan ati awọn ẹya ara miran.,https://www.bbc.com/yoruba/articles/c3gm3prv8g4o
200,"Ẹ̀yin ènìyàn ẹ ṣọ́ra, àìsàn Diphteria tí pa ènìyàn 80 ní Naijiria",Awọn ọmọ ọdun meji si ọdun mẹrinla ni aisan naa ba n ba finra.,https://www.bbc.com/yoruba/articles/c3gm3prv8g4o
201,"Ẹ̀yin ènìyàn ẹ ṣọ́ra, àìsàn Diphteria tí pa ènìyàn 80 ní Naijiria",Iwadii ni ọmọ to ku nitori aarun naa ko gba abẹrẹ ajẹsara.,https://www.bbc.com/yoruba/articles/c3gm3prv8g4o
202,"Ẹ̀yin ènìyàn ẹ ṣọ́ra, àìsàn Diphteria tí pa ènìyàn 80 ní Naijiria",Wọn ni o kere tan eniyan ọgọrin lo ti ku ninu awọn ẹgbarin to ti kagbako aarun naa ni awọn ipinlẹ mẹjọ ni Naijiria.,https://www.bbc.com/yoruba/articles/c3gm3prv8g4o
203,"Ẹ̀yin ènìyàn ẹ ṣọ́ra, àìsàn Diphteria tí pa ènìyàn 80 ní Naijiria","Awọn ilu ti wọn kede pe aarun naa wa ni ilu Eko, ti aisan naa pọsi ju,ti ipinlẹ Kano si tẹle, ti Abuja si lugbadi arun naa ni ipari Osu Kẹfa, ọdun yii.",https://www.bbc.com/yoruba/articles/c3gm3prv8g4o
204,"Ẹ̀yin ènìyàn ẹ ṣọ́ra, àìsàn Diphteria tí pa ènìyàn 80 ní Naijiria",Ajọ naa fikun un pe awọn ti wọn ko gba abẹrẹ ajẹsara naa ni iwadii ti fihan pe wọn lugbadi arun naa.,https://www.bbc.com/yoruba/articles/c3gm3prv8g4o
205,"Ẹ̀yin ènìyàn ẹ ṣọ́ra, àìsàn Diphteria tí pa ènìyàn 80 ní Naijiria","Ileeṣẹ eto ilera ni Naijiria wa kesi awọn araalu lati fi arabalẹ, ki wọn si fito awọn eleto ilera ti wọn ba ti gburo tabi ri awọn ami naa.",https://www.bbc.com/yoruba/articles/c3gm3prv8g4o
206,"Ẹ̀yin ènìyàn ẹ ṣọ́ra, àìsàn Diphteria tí pa ènìyàn 80 ní Naijiria",Bakan naa ni ajọ naa ni awọn n ṣiṣẹ pọ pẹlu awọn ileewosan lati koju aarun naa ki o to tan kalẹ ju bayii lọ.,https://www.bbc.com/yoruba/articles/c3gm3prv8g4o
207,"Ẹ̀yin ènìyàn ẹ ṣọ́ra, àìsàn Diphteria tí pa ènìyàn 80 ní Naijiria",Awọn dokita ni ọna kan gboogi lati dena itankalẹ aarun naa laarin agba ati ọmọde ni lati gba abẹrẹ ajẹsara naa.,https://www.bbc.com/yoruba/articles/c3gm3prv8g4o
208,"Ẹ̀yin ènìyàn ẹ ṣọ́ra, àìsàn Diphteria tí pa ènìyàn 80 ní Naijiria",Wọn ni abẹrẹ yii yoo ba aarun naa ninu ara.,https://www.bbc.com/yoruba/articles/c3gm3prv8g4o
209,"Ẹ̀yin ènìyàn ẹ ṣọ́ra, àìsàn Diphteria tí pa ènìyàn 80 ní Naijiria","Bakan naa lo pọn dandan ki awọn eniyan ni imọ nipa abẹrẹ ajẹsara fuin awọn ọmọde nitori igbagbọ wa pe eyi yoo koju ikọ wiwu, ẹyin to jẹra ati igbona.",https://www.bbc.com/yoruba/articles/c3gm3prv8g4o
210,"COVID-19: Ìjọba Nàìjíríà kéde ìlànà tuntun lórí COVID-19, Ó mú àdínkù bá ìye èèyàn tó lè wọ ṣọ́ọ̀ṣì, mọ́sáláṣí","Akọwe ijọba apapọ Naijiria to tun jẹ alaga igbimọ tẹẹkoto lori ajakalẹ aarun COVID-19, Boss Mustapha lo ṣe ikede naa ninu atẹjade to fi sita l'Ọjọbọ.",https://www.bbc.com/yoruba/afrika-59779448
211,"COVID-19: Ìjọba Nàìjíríà kéde ìlànà tuntun lórí COVID-19, Ó mú àdínkù bá ìye èèyàn tó lè wọ ṣọ́ọ̀ṣì, mọ́sáláṣí",Ijọba Naijiria rọ awọn ẹbi kọọkan lati rii daju pe wọn fi gbedeke le iye awọn eeyan to lee wa bẹ wọn wo nile lasiko pọpọṣinṣin ọdun yii ki Naijiria maa baa tun bọ si saa ọwọja kẹrin ajakalẹ arun naa lẹyin ọdun.,https://www.bbc.com/yoruba/afrika-59779448
212,"COVID-19: Ìjọba Nàìjíríà kéde ìlànà tuntun lórí COVID-19, Ó mú àdínkù bá ìye èèyàn tó lè wọ ṣọ́ọ̀ṣì, mọ́sáláṣí","Awọn ilana tuntun  yii n jade lasiko ti ajọ to n gbogun ti ajakalẹ arun lorilẹede Naijiria, NCDC n ke tantan pe alekun onida ẹẹdẹgbẹta ninu ọgọrun (500%) ọṣẹ ajakalẹ aarun COVID-19 ati iye awọn to n lugbadi rẹ.",https://www.bbc.com/yoruba/afrika-59779448
213,"COVID-19: Ìjọba Nàìjíríà kéde ìlànà tuntun lórí COVID-19, Ó mú àdínkù bá ìye èèyàn tó lè wọ ṣọ́ọ̀ṣì, mọ́sáláṣí",Igbimọ tẹẹkoto ti aarẹ gbe kalẹ naa ni orilẹede Naijiria ti ko wọ inu ọwọ kẹrin ọwọja kokoro arun COVID-19 nitori oniruuru awọn eeyan tuntun to n lugbadi aarun naa.,https://www.bbc.com/yoruba/afrika-59779448
214,Malaria Vaccine: Àjọ WHO gbé abẹ́rẹ́ àjẹsára àìsàn ibà jáde fún ilẹ̀ Afrika,Ajọ WHO gbe abẹrẹ ajẹsara naa jade lẹyin ti ileeṣẹ apoogun GSK lo fun awọn eniyan ni awọn orilẹede mẹta.,https://www.bbc.com/yoruba/media-58828628
215,Malaria Vaccine: Àjọ WHO gbé abẹ́rẹ́ àjẹsára àìsàn ibà jáde fún ilẹ̀ Afrika,"Lasiko ti wọn n ṣe aṣẹwo abẹrẹ ajẹsara naa ni Malawi, Ghana ati Kenya ni wọn ri pe lọna ida ogoji ti abẹrẹ ajẹsara naa fi koju arun iba.",https://www.bbc.com/yoruba/media-58828628
216,Malaria Vaccine: Àjọ WHO gbé abẹ́rẹ́ àjẹsára àìsàn ibà jáde fún ilẹ̀ Afrika,"O kere tan ẹgbẹrun lọna irinwo eniyan ni aisan iba n pa ni ọdọọdun, ti ida awọn to n lugbadi aisan naa si jẹ ọmọde ti ko i tii pe ọdun marun un ni ilẹ Afrika.",https://www.bbc.com/yoruba/media-58828628
217,Malaria Vaccine: Àjọ WHO gbé abẹ́rẹ́ àjẹsára àìsàn ibà jáde fún ilẹ̀ Afrika,"Adari Ajọ WHO, Tedros Ghebreyesus  sapejuwe abẹrẹ ajẹsara naa gẹgẹ bi aṣeyọri nla fun awọn eniyan ni ilẹ Afrika ati ni agbaye pẹlu.",https://www.bbc.com/yoruba/media-58828628
218,Malaria Vaccine: Àjọ WHO gbé abẹ́rẹ́ àjẹsára àìsàn ibà jáde fún ilẹ̀ Afrika,"Abẹrẹ ajẹsara naa ti wọn pe orukọ rẹ ni RTS,S - ti ṣiṣẹ lati gbogun ti aisan iba fun ọdun mẹfa ki wọn to fi ọwọ rẹ soya bii abẹrẹ ajẹsara to lamilaaka.",https://www.bbc.com/yoruba/media-58828628
219,Malaria Vaccine: Àjọ WHO gbé abẹ́rẹ́ àjẹsára àìsàn ibà jáde fún ilẹ̀ Afrika,Ajo WHO ni eleyii yoo doola ẹmi ẹgbẹgbẹrun awọn ọmọde kaakiri agbaye ati ilẹ Afrika ti aisan iba ti n ba wọn finra julọ.,https://www.bbc.com/yoruba/media-58828628
220,Malaria Vaccine: Àjọ WHO gbé abẹ́rẹ́ àjẹsára àìsàn ibà jáde fún ilẹ̀ Afrika,"Aisan iba jẹ ọkan lara awọn aisan to n da sẹli ẹjẹ,blood cells ru lẹyin ti ẹfọn ba ti jẹ eniyan.",https://www.bbc.com/yoruba/media-58828628
221,Malaria Vaccine: Àjọ WHO gbé abẹ́rẹ́ àjẹsára àìsàn ibà jáde fún ilẹ̀ Afrika,Awọn oogun to n gbogun ti aisan iba yii ati awọn oogun ẹfọn ti mu ki aisan iba dinku laarin awọn eniyan.,https://www.bbc.com/yoruba/media-58828628
222,Covid-19 prevention: NAFDAC buwọ́lu lílò abẹ́rẹ́ àjẹsára Oxford-AstraZeneca,"Ọga agba ajọ naa Dokita Mojisola Adeyeye lo kede ọrọ yii, to si ni awọn ti ni ikapa lati gbe abẹrẹ naa pamọ saaye to tutu niwọn to yẹ, iyẹn ""2 to 8 degree centigrade."" Arabinrin  Adeyeye  sọ pe awọn si n sayẹwo abẹrẹ ajẹsara mii sugbọn abẹrẹ ajẹsara Oxford Astra-Zeneca ti awọn yẹ wọ fi han pe yoo koju ẹda arun Covid-19 ilẹ Gẹẹsi to wọ Naijiria.",https://www.bbc.com/yoruba/media-56118334
223,Covid-19 prevention: NAFDAC buwọ́lu lílò abẹ́rẹ́ àjẹsára Oxford-AstraZeneca,"O fikun pe titi di asiko taa n sọrọ yii, awọn ko ti ri ẹda arun Covid-19 to ṣẹyọ lati orileede South Africa wa.",https://www.bbc.com/yoruba/media-56118334
224,Covid-19 prevention: NAFDAC buwọ́lu lílò abẹ́rẹ́ àjẹsára Oxford-AstraZeneca,Awọn ijọba Naijiria ko tii sọ igba t'awọn araalu yoo bẹrẹ si ni gba abẹrẹ ọhun.,https://www.bbc.com/yoruba/media-56118334
225,Covid-19 prevention: NAFDAC buwọ́lu lílò abẹ́rẹ́ àjẹsára Oxford-AstraZeneca,"Laipẹ yi ni ajọ ilera agbaye, WHO, faṣẹ si lilo abẹrẹ ajẹsara yii fun lilo pajawiri.",https://www.bbc.com/yoruba/media-56118334
226,Covid-19 prevention: NAFDAC buwọ́lu lílò abẹ́rẹ́ àjẹsára Oxford-AstraZeneca,Awọn onimọ sayẹnsi to se agbekalẹ abẹrẹ yii ni a gbọ pe wọn peelo rẹ ki o ba le koju kokoro arun Covid-19 lara awọn eeyan.,https://www.bbc.com/yoruba/media-56118334
227,UK Covid Vaccine: Abẹ́rẹ́ àjẹsára Covid-19 yóò dé sí Nàìjíríà nínú oṣù kíní ọdún 2021,"Mínísítà tó n rí sí ètò ìlera, Osagie Ehanire lo fìdí ìròyìn náà múlẹ̀ l'Ọjọ́rú lẹ́yìn ìpàdé ìgbìmọ̀ aláṣẹ́ ìjọba tó wáye.",https://www.bbc.com/yoruba/afrika-54884011
228,UK Covid Vaccine: Abẹ́rẹ́ àjẹsára Covid-19 yóò dé sí Nàìjíríà nínú oṣù kíní ọdún 2021,"Ó ní àwọn onímọ̀ nípa ìṣègún ń ṣiṣẹ́ takuntakun láti le sọ pàtó irú àbẹ́rẹ́ ti yóò dára fún àwọn ọmọ Nàìjíríà, pàápàá jùlọ nítorí orílẹ̀-èdè Nàìjíríà kò ni amú omítutu tó tuntùn tó ìwọ̀n ọgọ́rin.",https://www.bbc.com/yoruba/afrika-54884011
229,UK Covid Vaccine: Abẹ́rẹ́ àjẹsára Covid-19 yóò dé sí Nàìjíríà nínú oṣù kíní ọdún 2021,Ìjọba àpapọ̀ ti kéde ṣáájú pé àwọn ń retí abẹ́rẹ́ tí yóò tó ogún mílíọ̀nù ni ìbẹ̀rẹ̀ ọdún 2021.,https://www.bbc.com/yoruba/afrika-54884011
230,UK Covid Vaccine: Abẹ́rẹ́ àjẹsára Covid-19 yóò dé sí Nàìjíríà nínú oṣù kíní ọdún 2021,Eyi wa lara eto fifun ọpọ eeyan labẹrẹ yi kaakiri ilẹ naa.,https://www.bbc.com/yoruba/afrika-54884011
231,UK Covid Vaccine: Abẹ́rẹ́ àjẹsára Covid-19 yóò dé sí Nàìjíríà nínú oṣù kíní ọdún 2021,Margaret Keenan ti yoo pe ọdun mọkanlelaadọrun lọsẹ to n bọ sọ pe ẹbun ọjọ ibi to dunmọ oun ju ni wọn fun oun yi.,https://www.bbc.com/yoruba/afrika-54884011
232,UK Covid Vaccine: Abẹ́rẹ́ àjẹsára Covid-19 yóò dé sí Nàìjíríà nínú oṣù kíní ọdún 2021,"Ni nkan bi ago mẹfa abọ kọja iṣẹju kan ni o gba abẹrẹ yi, akọkọ abẹrẹ ẹgbẹrun lọna ẹgbẹrin ti ile iṣẹ Pfizer/BioNTech gbe jade.",https://www.bbc.com/yoruba/afrika-54884011
233,UK Covid Vaccine: Abẹ́rẹ́ àjẹsára Covid-19 yóò dé sí Nàìjíríà nínú oṣù kíní ọdún 2021,Ireti wa pe miliọnu mẹrin eeyan ni yoo ri  abẹrẹ yi gba nigba toṣu yoo ba fi pari.,https://www.bbc.com/yoruba/afrika-54884011
234,UK Covid Vaccine: Abẹ́rẹ́ àjẹsára Covid-19 yóò dé sí Nàìjíríà nínú oṣù kíní ọdún 2021,Awọn agbalagba tọjọ ori wọn kọja  aadọrun ọdun ati awọn oṣiṣẹ ilera ni yoo kọkọ jẹ anfaani abẹrẹ yi lọna ati daabo bo awọn to wa ninu ewu julọ.,https://www.bbc.com/yoruba/afrika-54884011
235,UK Covid Vaccine: Abẹ́rẹ́ àjẹsára Covid-19 yóò dé sí Nàìjíríà nínú oṣù kíní ọdún 2021,Nọọsi agba nileewosan University Hospital Coventry lo fun ni abẹrẹ naa.,https://www.bbc.com/yoruba/afrika-54884011
236,UK Covid Vaccine: Abẹ́rẹ́ àjẹsára Covid-19 yóò dé sí Nàìjíríà nínú oṣù kíní ọdún 2021,Abẹrẹ naa kii ṣe dandan.Ẹni to ba wu lati gba a ni wọn yoo fun.,https://www.bbc.com/yoruba/afrika-54884011
237,UK Covid Vaccine: Abẹ́rẹ́ àjẹsára Covid-19 yóò dé sí Nàìjíríà nínú oṣù kíní ọdún 2021,Ileeṣẹ apoogun Pfizer ati BioNTech lo se abẹrẹ ajẹsara naa jade.,https://www.bbc.com/yoruba/afrika-54884011
238,UK Covid Vaccine: Abẹ́rẹ́ àjẹsára Covid-19 yóò dé sí Nàìjíríà nínú oṣù kíní ọdún 2021,"Wọn wa sapejuwe ọjọ ti wọn gbe abẹrẹ naa, ti yoo koju arun Coronavirus jade, gẹgẹ bi ọjọ to lamilaaka ni igbe aye awọn onimọ sayẹnsi ati gbogbo ẹda alaaye.",https://www.bbc.com/yoruba/afrika-54884011
239,UK Covid Vaccine: Abẹ́rẹ́ àjẹsára Covid-19 yóò dé sí Nàìjíríà nínú oṣù kíní ọdún 2021,"Awọn apoogun naa ni awọn ti lo abẹrẹ ajẹsara naa ni ara eniyan bii ẹgbẹrun lọna mẹtalelogoji ni orilẹede mẹfa, ti ko si ni ipalara kankan fun wọn.",https://www.bbc.com/yoruba/afrika-54884011
240,UK Covid Vaccine: Abẹ́rẹ́ àjẹsára Covid-19 yóò dé sí Nàìjíríà nínú oṣù kíní ọdún 2021,Ileeṣẹ apoogun naa ni awọn yoo bẹrẹ si ni pese abẹrẹ ajẹsara naa fun iṣẹlẹ pajawiri lati opin osu yii.,https://www.bbc.com/yoruba/afrika-54884011
241,UK Covid Vaccine: Abẹ́rẹ́ àjẹsára Covid-19 yóò dé sí Nàìjíríà nínú oṣù kíní ọdún 2021,"Iwadii abẹrẹ ajẹsara tuntun yii fihan wi pe, awọn eniyan yoo nilo ati ma a gba ni ẹẹmeji laarin ọsẹ mẹta, ki o le ṣiṣẹ daradara lara.",https://www.bbc.com/yoruba/afrika-54884011
242,UK Covid Vaccine: Abẹ́rẹ́ àjẹsára Covid-19 yóò dé sí Nàìjíríà nínú oṣù kíní ọdún 2021,"Iwadii ti wọn ṣe ni orilẹede Amerika, Germany, Brazil, Argentina, South Africa ati Turkey fihan pe, laarin ọjọ meje ti wọn ba ti gba abẹrẹ ajẹsara keji naa ni arun naa yoo dopin lagọ ara ẹni to ba lo.",https://www.bbc.com/yoruba/afrika-54884011
243,UK Covid Vaccine: Abẹ́rẹ́ àjẹsára Covid-19 yóò dé sí Nàìjíríà nínú oṣù kíní ọdún 2021,"Ileeṣẹ apoogun,Pfizer ati BioNTech ni awọn yoo pese abẹrẹ ajẹsara naa ni ọlọgọọrọ, ki awọn le gbe lọ si ọdọ ijọba lati fi ontẹ lu.",https://www.bbc.com/yoruba/afrika-54884011
244,UK Covid Vaccine: Abẹ́rẹ́ àjẹsára Covid-19 yóò dé sí Nàìjíríà nínú oṣù kíní ọdún 2021,"Lẹyin ti wọn ba ti fi ontẹ lu abẹrẹ ajẹsara naa, ni wọn ṣẹṣẹ le gbe lọ si awọn orilẹede to wa lagbaye.",https://www.bbc.com/yoruba/afrika-54884011
245,UK Covid Vaccine: Abẹ́rẹ́ àjẹsára Covid-19 yóò dé sí Nàìjíríà nínú oṣù kíní ọdún 2021,"Bakan naa ni wọn ni awọn yoo pese abẹrẹ ajẹsara miliọnu aadọta ki ọdun yii to pari, ti awọn yoo si pese abẹrẹ ajẹsara biliọnu kan o le ni ọdun to n bọ.",https://www.bbc.com/yoruba/afrika-54884011
246,UK Covid Vaccine: Abẹ́rẹ́ àjẹsára Covid-19 yóò dé sí Nàìjíríà nínú oṣù kíní ọdún 2021,O ṣeeṣe ko jẹ awọn oṣiṣẹ ni ileewosan ati awọn oṣiṣẹ eto ilera ni yoo kọkọ ni anfaani abẹrẹ ajẹsara yii.,https://www.bbc.com/yoruba/afrika-54884011
247,UK Covid Vaccine: Abẹ́rẹ́ àjẹsára Covid-19 yóò dé sí Nàìjíríà nínú oṣù kíní ọdún 2021,Bakan naa ni awọn orilẹede kọọkan ni yoo sọ ẹni ti yoo kọkọ ni anfaani si awọn abẹrẹ ajẹsara yii.,https://www.bbc.com/yoruba/afrika-54884011
248,UK Covid Vaccine: Abẹ́rẹ́ àjẹsára Covid-19 yóò dé sí Nàìjíríà nínú oṣù kíní ọdún 2021,"Amọ, o ṣeeṣe ki Ilẹ Gẹẹsi kọkọ fun awọn agbalagba ati awọn ti wọn tete n ko arun Coronavirus yii nitori ailera ara wọn.",https://www.bbc.com/yoruba/afrika-54884011
249,UK Covid Vaccine: Abẹ́rẹ́ àjẹsára Covid-19 yóò dé sí Nàìjíríà nínú oṣù kíní ọdún 2021,"Wọn tun fikun wi pe, bii abẹrẹ ajẹsara naa ba ṣe ṣiṣẹ si lara awọn eniyan ni yoo sọ bi wọn yoo ṣe lo si fun awọn eniyan.",https://www.bbc.com/yoruba/afrika-54884011
250,UK Covid Vaccine: Abẹ́rẹ́ àjẹsára Covid-19 yóò dé sí Nàìjíríà nínú oṣù kíní ọdún 2021,"Amọ, awọn ọdọ langba ti eroja idena aisan ara wọn ji pepe lo ṣeeṣe ki wọn ma tete ri abẹrẹ ajẹsara naa gba.",https://www.bbc.com/yoruba/afrika-54884011
251,UK Covid Vaccine: Abẹ́rẹ́ àjẹsára Covid-19 yóò dé sí Nàìjíríà nínú oṣù kíní ọdún 2021,"Amọ a ko mọ boya abẹrẹ ajẹsara naa yoo dẹna itankalẹ arun naa lati ara eniyan kan si omiran, boya yoo pa kokoro naa ni kiakia, ti ẹni to nii ko si ni lee ko ran ẹlomiran.",https://www.bbc.com/yoruba/afrika-54884011
252,UK Covid Vaccine: Abẹ́rẹ́ àjẹsára Covid-19 yóò dé sí Nàìjíríà nínú oṣù kíní ọdún 2021,"Ati wipe ibeere ṣi wa lori igba ati akoko ti abẹrẹ ajẹsara naa yoo ṣiṣẹ da lara eniyan, ṣe ọdun kan ni abi oṣu melo?",https://www.bbc.com/yoruba/afrika-54884011
253,UK Covid Vaccine: Abẹ́rẹ́ àjẹsára Covid-19 yóò dé sí Nàìjíríà nínú oṣù kíní ọdún 2021,"Bakan naa ni ipenija wa lori bi wọn yoo ṣe fun eniyan miliọnu lọna ọgọrin ni abẹrẹ ajẹsara, ti o si ṣe wi pe wọn gbọdọ gbe oogun naa ṣi ibi to ba tutu bii inu yinyin (minus 80C).",https://www.bbc.com/yoruba/afrika-54884011
254,UK Covid Vaccine: Abẹ́rẹ́ àjẹsára Covid-19 yóò dé sí Nàìjíríà nínú oṣù kíní ọdún 2021,"Iwadii fihan wi pe, oogun naa ko ni aleebu kankan fun ẹni to ba lo o, amọ a ko le sọ wipe otitọ ni lai wẹyin, nitori oogun paracetamol ti ko ni abawọn, naa ni ipenija tirẹ.",https://www.bbc.com/yoruba/afrika-54884011
255,UK Covid Vaccine: Abẹ́rẹ́ àjẹsára Covid-19 yóò dé sí Nàìjíríà nínú oṣù kíní ọdún 2021,"Ohun ti abẹrẹ ajẹsara naa ṣe ni lati wọ inu isan ara lọ, ti yoo si pese eroja ara 'protein' ti yoo dena arun Coronavirus to fẹ ba sẹẹli ara jẹ.",https://www.bbc.com/yoruba/afrika-54884011
256,UK Covid Vaccine: Abẹ́rẹ́ àjẹsára Covid-19 yóò dé sí Nàìjíríà nínú oṣù kíní ọdún 2021,Bakan naa ni abẹrẹ ajẹsara naa yoo tun awọn sẹẹli ara ti arun Coronavirus ti bajẹ ṣe pada.,https://www.bbc.com/yoruba/afrika-54884011
257,UK Covid Vaccine: Abẹ́rẹ́ àjẹsára Covid-19 yóò dé sí Nàìjíríà nínú oṣù kíní ọdún 2021,Eleyii yoo si mu ara ẹni to ba ni aarun naa ji pepe pada.,https://www.bbc.com/yoruba/afrika-54884011
258,UK Covid Vaccine: Abẹ́rẹ́ àjẹsára Covid-19 yóò dé sí Nàìjíríà nínú oṣù kíní ọdún 2021,"Oluranlọwọ pataki fun ijọba lori eto ilera ni Ilẹ Gẹẹsi, Ọjọgbọn Chris Whitty ni, esi ayẹwo naa ṣe afihan iru agbara ti imọ sayẹnsi ni ati ifọkanbalẹ pe ọdun to n bọ yoo dara lati koju arun Coronavirus.",https://www.bbc.com/yoruba/afrika-54884011
259,UK Covid Vaccine: Abẹ́rẹ́ àjẹsára Covid-19 yóò dé sí Nàìjíríà nínú oṣù kíní ọdún 2021,"Aarẹ ilẹ Amẹrika ti wọn ṣẹṣẹ dibo yan, Joe Biden ni iroyin ayọ ni abẹrẹ ajẹsara naa jẹ fun gbogbo eniyan ni agbaye.",https://www.bbc.com/yoruba/afrika-54884011
260,UK Covid Vaccine: Abẹ́rẹ́ àjẹsára Covid-19 yóò dé sí Nàìjíríà nínú oṣù kíní ọdún 2021,"''O di dandan ki a ni igbẹkẹle pe opin aarun Covid-19 ti n sun mọ etile, ti ko si jinna mọ."" Olootu ijọba Ilẹ Gẹẹsi sọ wi pe, abajade ayẹwo abẹrẹ ajẹsara naa fihan wi pe yoo koju arun Coronavirus, nitori naa awọn ti bẹrẹ igbesẹ lati ri wi pe awọn arugbo ati awọn ti arun Conavirus n tete mu ni awọn kọkọ fun ni abẹrẹ ajẹsara naa.",https://www.bbc.com/yoruba/afrika-54884011
261,UK Covid Vaccine: Abẹ́rẹ́ àjẹsára Covid-19 yóò dé sí Nàìjíríà nínú oṣù kíní ọdún 2021,"Awọn onimọ sayẹnsi ni fasiti Oxford naa ni ọkan awọn balẹ nitori aṣeyọri nla lo jẹ fun awọn, ti arun Coronavirus naa ko si ni pẹ lọ si okun igbagbe.",https://www.bbc.com/yoruba/afrika-54884011
